{"name":"160c5e8a-5d51-484d-ae92-8e28402eee3b","id":"/providers/Microsoft.Flow/flows/160c5e8a-5d51-484d-ae92-8e28402eee3b","type":"Microsoft.Flow/flows","properties":{"apiId":"/providers/Microsoft.PowerApps/apis/shared_logicflows","displayName":"Http -> Apply to each,Add rows to a dataset","definition":{"metadata":{"workflowEntityId":null,"creator":{"id":"399e8174-8c16-4cec-9bbc-79dc3771fa66","type":"User","tenantId":"aee6e3c9-711e-4c7c-bd27-04f2307db20d"},"provisioningMethod":"FromDefinition","failureAlertSubscription":true,"clientLastModifiedTime":"2019-03-05T19:55:21.2934641Z"},"$schema":"https://schema.management.azure.com/providers/Microsoft.Logic/schemas/2016-06-01/workflowdefinition.json#","contentVersion":"1.0.0.0","parameters":{"$connections":{"defaultValue":{},"type":"Object"},"$authentication":{"defaultValue":{},"type":"SecureObject"}},"triggers":{"manual":{"type":"Request","kind":"Http","inputs":{"schema":{"type":"object","properties":{"info":{"type":"object","properties":{"webhookId":{"type":"string"},"webhookName":{"type":"string"},"portalURL":{"type":"string"},"when":{"type":"integer"}}},"events":{"type":"array","items":{"type":"object","properties":{"userId":{"type":"string"},"username":{"type":"string"},"when":{"type":"integer"},"operation":{"type":"string"},"source":{"type":"string"},"id":{"type":"string"},"properties":{"type":"object","properties":{}}},"required":["userId","username","when","operation","source","id","properties"]}}}}}}},"actions":{"Apply_to_each":{"foreach":"@triggerBody()?['events']","actions":{"Add_rows_to_a_dataset":{"runAfter":{},"metadata":{"flowSystemMetadata":{"swaggerOperationId":"AddRows"}},"type":"ApiConnection","inputs":{"host":{"connection":{"name":"@parameters('$connections')['shared_powerbi']['connectionId']"},"api":{"runtimeUrl":"https://flow-apim-msmanaged-na-westus2-01.azure-apim.net/apim/powerbi"}},"method":"post","body":{"userId":"@items('Apply_to_each')?['userId']","username":"@items('Apply_to_each')?['username']","when":" @{addSeconds('1970-1-1', Div(triggerBody()?['info']?['when'],1000),'yyyy-MM-dd hh:mm:ss')}","operation":"@items('Apply_to_each')?['operation']","source":"@items('Apply_to_each')?['source']","id":"@items('Apply_to_each')?['id']"},"path":"/v1.0/myorg/groups/@{encodeURIComponent('myworkspace')}/datasets/@{encodeURIComponent('3cdf6271-9d8d-4354-b32d-78e7784aba62')}/tables/@{encodeURIComponent('RealTimeData')}/rows","authentication":"@parameters('$authentication')"}}},"runAfter":{},"type":"Foreach"},"Send_an_email":{"runAfter":{},"metadata":{"flowSystemMetadata":{"swaggerOperationId":"SendEmail"}},"type":"ApiConnection","inputs":{"host":{"connection":{"name":"@parameters('$connections')['shared_office365']['connectionId']"},"api":{"runtimeUrl":"https://flow-apim-msmanaged-na-eastus2-01.azure-apim.net/apim/office365"}},"method":"post","body":{"To":"webhooks.arcgis@outlook.com","Subject":"Portal Update Notification","Body":"Your Portal at @{triggerBody()?['info']?['portalURL']} has been updated."},"path":"/Mail","authentication":"@parameters('$authentication')"}}},"outputs":{}},"connectionReferences":{"shared_powerbi":{"connectionName":"shared-powerbi-03bdd1ac-6040-43a2-a4fd-3b37da8f1e86","source":"Embedded","id":"/providers/Microsoft.PowerApps/apis/shared_powerbi","tier":"NotSpecified"},"shared_office365":{"connectionName":"shared-office365-b6ac9eb0-7066-4258-9aa2-f5164a3d4a81","source":"Embedded","id":"/providers/Microsoft.PowerApps/apis/shared_office365","tier":"NotSpecified"}},"flowFailureAlertSubscribed":false}}