/* patients */
INSERT INTO patients VALUES('0', 'Alice', 'White', '317-6-7585', '1966-2-16', 'f', 'Asian', 'N/A', 'Driver', 74412, 'Redlands Blvd', 'Beaumont', 'CA', 92321, '696-372-2066');
INSERT INTO patients VALUES('1', 'Robert', 'White', '731-16-640', '1939-1-15', 'm', 'African', 'N/A', 'Construction Worker', 51492, 'Cajon St', 'Loma Linda', 'CA', 92324, '257-547-1392');
INSERT INTO patients VALUES('2', 'Wilma', 'Scott', '183-2-7512', '1952-8-28', 'f', 'White', 'N/A', 'Nurse', 72481, '9th St', 'Colton', 'CA', 91022, '102-599-1708');
INSERT INTO patients VALUES('3', 'George', 'Scott', '666-81-2168', '1941-2-24', 'f', 'White', 'N/A', 'Soldier', 95487, 'Whitman Ave', 'Riverside', 'CA', 92324, '654-166-772');
INSERT INTO patients VALUES('4', 'Alice', 'Kumar', '873-88-8283', '1936-12-27', 'f', 'Black', 'N/A', 'Software Engineer', 80441, '9th St', 'Rialto', 'CA', 92373, '327-145-6828');
INSERT INTO patients VALUES('5', 'Jack', 'Liu', '388-46-7725', '1942-6-13', 'f', 'Native', 'N/A', 'Driver', 56756, 'Foothill Blvd', 'Fontana', 'CA', 923733, '26-850-239');
INSERT INTO patients VALUES('6', 'Anna', 'Major', '179-59-1263', '1997-3-18', 'f', 'Native', 'N/A', 'Teacher', 47120, 'Heath Ave', 'Beaumont', 'CA', 91022, '554-802-3773');
INSERT INTO patients VALUES('7', 'William', 'Major', '850-72-1984', '1976-10-20', 'm', 'Hispanic', 'N/A', 'HR Professional', 53379, 'Church St', 'Beaumont', 'CA', 92344, '453-354-1143');
INSERT INTO patients VALUES('8', 'Hailey', 'Theodore', '147-1-18', '1980-4-6', 'm', 'Native', 'N/A', 'Teacher', 77897, 'Church St', 'Rancho Cucamonga', 'CA', 92344, '110-318-5704');
INSERT INTO patients VALUES('9', 'Hilary', 'Major', '526-71-9204', '1955-9-2', 'f', 'Hispanic', 'N/A', 'HR Professional', 23796, 'Foothill Blvd', 'Rialto', 'CA', 91220, '639-598-2459');
INSERT INTO patients VALUES('10', 'Mary', 'Watson', '225-44-1284', '1932-6-4', 'f', 'African', 'N/A', 'Nurse', 14279, 'Main St', 'Loma Linda', 'CA', 92373, '374-194-6758');
INSERT INTO patients VALUES('11', 'Mary', 'Theodore', '658-59-5459', '1957-11-17', 'f', 'Asian', 'N/A', 'Nurse', 92037, 'Main St', 'San Bernardino', 'CA', 91022, '899-228-5094');
INSERT INTO patients VALUES('12', 'Jack', 'Turing', '482-35-5903', '1972-9-29', 'm', 'Middle Eastern', 'N/A', 'Software Engineer', 17169, 'Foothill Blvd', 'Riverside', 'CA', 91022, '343-398-3703');
INSERT INTO patients VALUES('13', 'Nadine', 'Turing', '298-70-6310', '2003-1-13', 'f', 'White', 'N/A', 'Doctor', 21828, 'Main St', 'Rancho Cucamonga', 'CA', 92373, '483-923-1536');
INSERT INTO patients VALUES('14', 'Anna', 'Gonzalez', '542-14-3245', '1939-3-11', 'f', 'White', 'N/A', 'Pilot', 29883, 'Cajon St', 'Beaumont', 'CA', 91220, '823-607-7363');
INSERT INTO patients VALUES('15', 'Wilma', 'Major', '984-61-645', '1960-5-18', 'm', 'European', 'N/A', 'Soldier', 26166, 'Whitman Ave', 'Colton', 'CA', 91117, '90-809-2039');
INSERT INTO patients VALUES('16', 'George', 'Liu', '918-53-2140', '1970-11-13', 'f', 'Black', 'N/A', 'Doctor', 9126, 'Foothill Blvd', 'Rialto', 'CA', 92344, '910-180-9522');
INSERT INTO patients VALUES('17', 'Alice', 'Goyal', '719-48-6817', '1965-6-21', 'f', 'African', 'N/A', 'Teacher', 43905, 'Heath Ave', 'San Bernardino', 'CA', 92324, '78-392-5678');
INSERT INTO patients VALUES('18', 'John', 'Turing', '533-57-9775', '1947-5-12', 'm', 'European', 'N/A', 'Software Engineer', 60295, 'Cajon St', 'Loma Linda', 'CA', 91220, '291-966-8322');
INSERT INTO patients VALUES('19', 'Wilma', 'Goyal', '383-28-7660', '1954-2-5', 'm', 'White', 'N/A', 'Accountant', 56481, 'Main St', 'Loma Linda', 'CA', 91022, '791-852-2515');
INSERT INTO patients VALUES('20', 'Hilary', 'Theodore', '512-56-2479', '1955-9-26', 'm', 'Native', 'N/A', 'Pilot', 52610, 'Cajon St', 'Loma Linda', 'CA', 92373, '835-494-1245');
INSERT INTO patients VALUES('21', 'Hilary', 'Turing', '446-40-3592', '1995-12-29', 'f', 'Asian', 'N/A', 'Pilot', 54908, 'Whitman Ave', 'Loma Linda', 'CA', 91220, '70-542-4816');
INSERT INTO patients VALUES('22', 'John', 'Lam', '77-7-1071', '1986-5-20', 'm', 'African', 'N/A', 'Driver', 65259, 'Whitman Ave', 'Loma Linda', 'CA', 91022, '470-949-5563');
INSERT INTO patients VALUES('23', 'James', 'Gonzalez', '172-8-9243', '2001-10-8', 'm', 'Hispanic', 'N/A', 'Teacher', 10023, 'Redlands Blvd', 'Riverside', 'CA', 92344, '318-964-3827');
INSERT INTO patients VALUES('24', 'Robert', 'Kumar', '263-29-5697', '1935-9-8', 'm', 'African', 'N/A', 'Software Engineer', 95465, '9th St', 'Fontana', 'CA', 92344, '955-299-1131');
INSERT INTO patients VALUES('25', 'Jack', 'Jenson', '111-83-4478', '1972-11-16', 'm', 'Hawaiian', 'N/A', 'Soldier', 40781, 'Cajon St', 'Rialto', 'CA', 91117, '836-565-1687');
INSERT INTO patients VALUES('26', 'Hilary', 'Matthais', '287-54-9456', '1996-11-12', 'f', 'Middle Eastern', 'N/A', 'Driver', 55905, 'Heath Ave', 'Beaumont', 'CA', 92373, '400-803-3995');
INSERT INTO patients VALUES('27', 'Jack', 'Kumar', '733-46-7061', '1993-9-4', 'f', 'Native', 'N/A', 'HR Professional', 10969, 'Church St', 'Riverside', 'CA', 923733, '501-813-4380');
INSERT INTO patients VALUES('28', 'Andrew', 'Watson', '52-10-8438', '1964-12-17', 'f', 'Middle Eastern', 'N/A', 'Nurse', 53352, 'Foothill Blvd', 'Rialto', 'CA', 92373, '103-78-8335');
INSERT INTO patients VALUES('29', 'Anna', 'Liu', '6-0-3718', '1990-10-5', 'm', 'Asian', 'N/A', 'Accountant', 77117, 'Heath Ave', 'San Bernardino', 'CA', 92324, '293-136-1318');
INSERT INTO patients VALUES('30', 'Wilma', 'Menon', '819-68-3576', '1973-4-1', 'f', 'Native', 'N/A', 'Pilot', 4730, 'San Benardino Ave', 'Beaumont', 'CA', 92373, '130-571-8295');
INSERT INTO patients VALUES('31', 'James', 'Matthais', '609-64-6490', '1967-6-22', 'm', 'Hawaiian', 'N/A', 'HR Professional', 24030, 'Church St', 'Rancho Cucamonga', 'CA', 91117, '5-987-6053');
INSERT INTO patients VALUES('32', 'Wilma', 'Shah', '646-48-6165', '1953-5-15', 'f', 'Black', 'N/A', 'Driver', 65404, 'Heath Ave', 'Colton', 'CA', 92373, '677-247-3375');
INSERT INTO patients VALUES('33', 'Hailey', 'Theodore', '723-92-8417', '1970-10-26', 'f', 'Hawaiian', 'N/A', 'Doctor', 30956, 'Main St', 'San Bernardino', 'CA', 92344, '37-867-8645');
INSERT INTO patients VALUES('34', 'Andrew', 'Shah', '164-68-554', '1973-2-24', 'f', 'Black', 'N/A', 'HR Professional', 33237, 'San Benardino Ave', 'Fontana', 'CA', 92373, '900-972-2023');
INSERT INTO patients VALUES('35', 'Andrew', 'Menon', '130-82-2505', '1982-3-31', 'f', 'Hawaiian', 'N/A', 'Teacher', 47019, 'Whitman Ave', 'Riverside', 'CA', 91220, '741-349-6427');
INSERT INTO patients VALUES('36', 'William', 'Kumar', '588-51-8578', '1991-7-13', 'f', 'Asian', 'N/A', 'Doctor', 18805, 'Cajon St', 'Fontana', 'CA', 91220, '91-980-8575');
INSERT INTO patients VALUES('37', 'Joanna', 'Shah', '79-20-2913', '1978-2-17', 'm', 'White', 'N/A', 'Doctor', 15489, 'Church St', 'Loma Linda', 'CA', 92321, '720-927-1343');
INSERT INTO patients VALUES('38', 'Nadine', 'Watson', '425-64-7349', '1991-12-25', 'm', 'Asian', 'N/A', 'Accountant', 84994, 'Whitman Ave', 'Fontana', 'CA', 92324, '395-405-9041');
INSERT INTO patients VALUES('39', 'Mary', 'Gonzalez', '16-33-8196', '1956-1-11', 'm', 'Hispanic', 'N/A', 'Soldier', 16005, 'Redlands Blvd', 'Colton', 'CA', 923733, '151-383-4360');
INSERT INTO patients VALUES('40', 'Hailey', 'Theodore', '499-50-172', '1965-1-12', 'm', 'Native', 'N/A', 'Soldier', 86722, 'Heath Ave', 'Riverside', 'CA', 92344, '634-10-7504');
INSERT INTO patients VALUES('41', 'Hailey', 'Scott', '592-4-928', '1991-6-20', 'm', 'Hawaiian', 'N/A', 'HR Professional', 97443, 'San Benardino Ave', 'Rialto', 'CA', 92373, '909-264-8943');
INSERT INTO patients VALUES('42', 'Jack', 'Kumar', '125-63-8147', '1938-1-27', 'm', 'Hispanic', 'N/A', 'Pilot', 75029, 'Foothill Blvd', 'Rialto', 'CA', 91022, '220-680-159');
INSERT INTO patients VALUES('43', 'Hailey', 'Kumar', '222-80-7908', '1961-8-8', 'f', 'Hispanic', 'N/A', 'Nurse', 30988, 'Main St', 'Loma Linda', 'CA', 923733, '307-834-3074');
INSERT INTO patients VALUES('44', 'Nadine', 'Watson', '703-33-3492', '1964-11-25', 'm', 'Middle Eastern', 'N/A', 'Doctor', 19142, 'Church St', 'Riverside', 'CA', 91022, '791-938-6291');
INSERT INTO patients VALUES('45', 'Hailey', 'White', '854-8-4117', '1933-7-29', 'm', 'Hawaiian', 'N/A', 'Nurse', 60030, '9th St', 'Rancho Cucamonga', 'CA', 92373, '405-205-6182');
INSERT INTO patients VALUES('46', 'James', 'Major', '721-83-1738', '1966-2-21', 'f', 'Middle Eastern', 'N/A', 'Doctor', 64025, 'San Benardino Ave', 'Rancho Cucamonga', 'CA', 92344, '892-896-6853');
INSERT INTO patients VALUES('47', 'Alice', 'Liu', '568-57-574', '1941-8-29', 'f', 'White', 'N/A', 'Software Engineer', 50640, 'Church St', 'Rialto', 'CA', 92344, '47-551-1891');
INSERT INTO patients VALUES('48', 'Alice', 'Gonzalez', '57-29-3083', '1941-8-17', 'm', 'Native', 'N/A', 'Nurse', 47290, 'Heath Ave', 'Colton', 'CA', 92373, '941-649-7036');
INSERT INTO patients VALUES('49', 'John', 'Shah', '172-32-7373', '1961-2-2', 'f', 'Black', 'N/A', 'Construction Worker', 4481, '9th St', 'San Bernardino', 'CA', 92373, '491-820-7350');
INSERT INTO patients VALUES('50', 'Robert', 'Matthais', '151-18-4586', '1953-3-29', 'm', 'Hawaiian', 'N/A', 'Accountant', 69685, 'Main St', 'San Bernardino', 'CA', 92344, '534-864-4213');
INSERT INTO patients VALUES('51', 'James', 'Turing', '73-62-230', '1966-4-13', 'f', 'African', 'N/A', 'Driver', 31011, 'San Benardino Ave', 'San Bernardino', 'CA', 92373, '833-185-8448');
INSERT INTO patients VALUES('52', 'Robert', 'Liu', '474-91-9995', '1944-12-17', 'm', 'European', 'N/A', 'Accountant', 74052, 'Whitman Ave', 'Beaumont', 'CA', 92373, '62-134-3670');
INSERT INTO patients VALUES('53', 'William', 'Scott', '833-47-993', '1975-1-8', 'm', 'White', 'N/A', 'Doctor', 1487, 'Church St', 'Beaumont', 'CA', 91220, '655-538-152');
INSERT INTO patients VALUES('54', 'James', 'Turing', '414-82-7982', '1934-8-11', 'f', 'European', 'N/A', 'Doctor', 98902, 'Redlands Blvd', 'Rancho Cucamonga', 'CA', 92324, '922-801-6163');
INSERT INTO patients VALUES('55', 'Hilary', 'Turing', '179-26-8660', '1934-2-10', 'f', 'Hawaiian', 'N/A', 'Pilot', 5636, 'San Benardino Ave', 'Rialto', 'CA', 91117, '58-345-4662');
INSERT INTO patients VALUES('56', 'Anna', 'White', '260-76-6197', '1948-8-4', 'm', 'Asian', 'N/A', 'Doctor', 83510, 'Whitman Ave', 'Colton', 'CA', 92344, '38-166-4024');
INSERT INTO patients VALUES('57', 'Jack', 'Matthais', '601-25-5738', '1931-11-5', 'm', 'Hawaiian', 'N/A', 'Doctor', 45542, '9th St', 'Redlands', 'CA', 91022, '899-518-8563');
INSERT INTO patients VALUES('58', 'Hilary', 'Lam', '174-24-1052', '1933-5-28', 'f', 'Asian', 'N/A', 'Accountant', 62426, 'Main St', 'Riverside', 'CA', 92321, '690-60-6102');
INSERT INTO patients VALUES('59', 'Joanna', 'Menon', '808-0-5218', '1973-6-21', 'f', 'Middle Eastern', 'N/A', 'Teacher', 7597, 'Heath Ave', 'Fontana', 'CA', 92321, '418-505-2964');
INSERT INTO patients VALUES('60', 'Wilma', 'Liu', '364-42-4696', '1966-10-10', 'f', 'European', 'N/A', 'Teacher', 28183, 'Whitman Ave', 'Redlands', 'CA', 91117, '893-656-6182');
INSERT INTO patients VALUES('61', 'James', 'Lam', '708-19-5488', '1973-1-11', 'm', 'European', 'N/A', 'Software Engineer', 39505, 'Cajon St', 'Beaumont', 'CA', 92344, '294-694-3453');
INSERT INTO patients VALUES('62', 'William', 'Major', '810-47-2827', '1994-11-30', 'm', 'Black', 'N/A', 'Accountant', 98269, 'Heath Ave', 'Colton', 'CA', 92373, '850-315-6976');
INSERT INTO patients VALUES('63', 'Joanna', 'Theodore', '138-31-4771', '1994-6-4', 'f', 'Native', 'N/A', 'Pilot', 89680, 'Cajon St', 'Rancho Cucamonga', 'CA', 923733, '25-172-3608');
INSERT INTO patients VALUES('64', 'William', 'Major', '253-76-291', '1945-8-28', 'm', 'Hawaiian', 'N/A', 'Construction Worker', 35215, 'Church St', 'Fontana', 'CA', 92321, '799-811-4566');
INSERT INTO patients VALUES('65', 'Anna', 'Kumar', '493-21-1771', '1996-9-27', 'f', 'Asian', 'N/A', 'Teacher', 8838, 'San Benardino Ave', 'Fontana', 'CA', 91117, '21-611-1284');
INSERT INTO patients VALUES('66', 'Mary', 'Lam', '529-26-4996', '2002-3-10', 'f', 'Middle Eastern', 'N/A', 'Construction Worker', 9361, 'Heath Ave', 'San Bernardino', 'CA', 923733, '880-662-7689');
INSERT INTO patients VALUES('67', 'Joanna', 'Liu', '15-13-9640', '1989-10-4', 'm', 'Hispanic', 'N/A', 'HR Professional', 73776, '9th St', 'Rialto', 'CA', 92373, '678-745-7739');
INSERT INTO patients VALUES('68', 'Jack', 'Matthais', '432-69-4132', '1948-2-14', 'm', 'Black', 'N/A', 'Doctor', 65826, 'San Benardino Ave', 'Colton', 'CA', 92373, '517-956-3790');
INSERT INTO patients VALUES('69', 'Anna', 'Kumar', '153-16-3549', '1963-4-15', 'm', 'Native', 'N/A', 'Nurse', 6486, '9th St', 'Riverside', 'CA', 91220, '262-409-9000');
INSERT INTO patients VALUES('70', 'Nadine', 'Turing', '181-91-7419', '2003-9-2', 'm', 'Black', 'N/A', 'Nurse', 55814, '9th St', 'Colton', 'CA', 92373, '789-580-4633');
INSERT INTO patients VALUES('71', 'Anna', 'Shah', '185-14-1810', '1989-2-19', 'm', 'Native', 'N/A', 'Pilot', 97900, 'Redlands Blvd', 'San Bernardino', 'CA', 91022, '750-786-9931');
INSERT INTO patients VALUES('72', 'Hailey', 'Major', '672-20-2017', '1971-11-24', 'f', 'Black', 'N/A', 'Construction Worker', 71692, '9th St', 'Loma Linda', 'CA', 92373, '190-767-4461');
INSERT INTO patients VALUES('73', 'Hailey', 'Jenson', '282-14-7411', '1976-10-10', 'm', 'European', 'N/A', 'Accountant', 77099, '9th St', 'Loma Linda', 'CA', 92373, '586-734-2807');
INSERT INTO patients VALUES('74', 'Nadine', 'Gonzalez', '837-29-7790', '1964-11-22', 'f', 'Native', 'N/A', 'Nurse', 4661, '9th St', 'Colton', 'CA', 92321, '746-822-1495');
INSERT INTO patients VALUES('75', 'John', 'Gonzalez', '186-9-6196', '2001-12-3', 'm', 'European', 'N/A', 'Software Engineer', 93906, 'Whitman Ave', 'Colton', 'CA', 92373, '439-282-6917');
INSERT INTO patients VALUES('76', 'Robert', 'Menon', '75-0-7981', '2000-2-19', 'm', 'Asian', 'N/A', 'Construction Worker', 68372, 'Whitman Ave', 'Riverside', 'CA', 92373, '598-31-2297');
INSERT INTO patients VALUES('77', 'Alice', 'Gonzalez', '551-44-2319', '1953-10-25', 'f', 'Hispanic', 'N/A', 'Accountant', 87697, 'Redlands Blvd', 'Loma Linda', 'CA', 92344, '721-261-5305');
INSERT INTO patients VALUES('78', 'Alice', 'Shah', '228-1-1131', '2003-8-5', 'f', 'Native', 'N/A', 'Soldier', 80905, 'Redlands Blvd', 'Beaumont', 'CA', 91117, '927-817-1426');
INSERT INTO patients VALUES('79', 'Jack', 'Scott', '168-12-1347', '1941-10-6', 'm', 'Asian', 'N/A', 'Driver', 71203, 'Church St', 'Redlands', 'CA', 91220, '679-762-6217');
INSERT INTO patients VALUES('80', 'Andrew', 'Lam', '546-92-1712', '1936-6-2', 'm', 'Native', 'N/A', 'Doctor', 63881, 'Foothill Blvd', 'Rancho Cucamonga', 'CA', 92324, '511-445-4210');
INSERT INTO patients VALUES('81', 'Wilma', 'Shah', '4-66-6833', '1962-4-2', 'm', 'Asian', 'N/A', 'Construction Worker', 11130, 'San Benardino Ave', 'Rancho Cucamonga', 'CA', 92324, '480-639-3144');
INSERT INTO patients VALUES('82', 'Joanna', 'Scott', '680-9-9072', '2003-3-24', 'f', 'African', 'N/A', 'Accountant', 42875, 'Redlands Blvd', 'Fontana', 'CA', 91022, '697-560-3369');
INSERT INTO patients VALUES('83', 'Hilary', 'Lam', '456-92-6283', '1949-9-17', 'm', 'Asian', 'N/A', 'Teacher', 46205, 'Whitman Ave', 'Rialto', 'CA', 91022, '225-56-7305');
INSERT INTO patients VALUES('84', 'Hailey', 'Gonzalez', '459-49-8070', '1976-11-18', 'm', 'Native', 'N/A', 'Nurse', 63353, 'Main St', 'Rialto', 'CA', 92373, '680-413-8349');
INSERT INTO patients VALUES('85', 'Mary', 'Turing', '23-13-1105', '1970-8-16', 'f', 'Black', 'N/A', 'Doctor', 66433, 'Cajon St', 'Rialto', 'CA', 92373, '331-312-918');
INSERT INTO patients VALUES('86', 'William', 'Jenson', '640-23-1379', '1954-6-19', 'f', 'White', 'N/A', 'Soldier', 44384, 'Redlands Blvd', 'Fontana', 'CA', 92344, '629-709-4818');
INSERT INTO patients VALUES('87', 'Alice', 'Turing', '324-95-6795', '1973-2-2', 'f', 'Asian', 'N/A', 'Construction Worker', 17417, 'Redlands Blvd', 'Redlands', 'CA', 91220, '814-574-9174');
INSERT INTO patients VALUES('88', 'John', 'Gonzalez', '556-50-2112', '1933-4-16', 'f', 'African', 'N/A', 'Teacher', 74329, 'Whitman Ave', 'San Bernardino', 'CA', 92324, '762-683-8757');
INSERT INTO patients VALUES('89', 'John', 'Liu', '218-98-5409', '1956-2-22', 'f', 'Hispanic', 'N/A', 'Nurse', 94263, 'Heath Ave', 'Colton', 'CA', 92373, '430-54-2863');
INSERT INTO patients VALUES('90', 'Wilma', 'Major', '22-40-799', '1978-6-3', 'f', 'Hawaiian', 'N/A', 'HR Professional', 49383, '9th St', 'Colton', 'CA', 92373, '489-567-1502');
INSERT INTO patients VALUES('91', 'Jack', 'Menon', '543-11-5098', '1956-7-23', 'm', 'Black', 'N/A', 'Teacher', 34814, 'Church St', 'Rancho Cucamonga', 'CA', 92373, '668-827-1487');
INSERT INTO patients VALUES('92', 'Nadine', 'Scott', '224-46-6707', '1980-1-16', 'f', 'African', 'N/A', 'Nurse', 59664, 'Cajon St', 'Rancho Cucamonga', 'CA', 91022, '623-298-6938');
INSERT INTO patients VALUES('93', 'Joanna', 'Turing', '701-1-6496', '1996-12-31', 'm', 'Asian', 'N/A', 'Teacher', 96418, 'Cajon St', 'Rancho Cucamonga', 'CA', 92373, '798-605-6412');
INSERT INTO patients VALUES('94', 'Robert', 'Jenson', '23-92-7172', '1963-7-13', 'f', 'Native', 'N/A', 'Nurse', 67199, 'San Benardino Ave', 'Colton', 'CA', 91220, '965-790-9002');
INSERT INTO patients VALUES('95', 'Andrew', 'Major', '690-53-1930', '1992-10-5', 'm', 'Native', 'N/A', 'Nurse', 49107, 'Redlands Blvd', 'Riverside', 'CA', 92321, '330-791-3020');
INSERT INTO patients VALUES('96', 'James', 'Matthais', '513-61-356', '1937-8-22', 'm', 'African', 'N/A', 'Software Engineer', 59127, 'Cajon St', 'Loma Linda', 'CA', 92324, '2-456-8263');
INSERT INTO patients VALUES('97', 'Robert', 'Matthais', '126-43-2068', '1999-6-20', 'm', 'Native', 'N/A', 'Teacher', 21753, 'Main St', 'Rancho Cucamonga', 'CA', 92344, '149-938-1869');
INSERT INTO patients VALUES('98', 'Hilary', 'Kumar', '751-91-3543', '1948-7-8', 'f', 'African', 'N/A', 'Accountant', 75547, '9th St', 'Rancho Cucamonga', 'CA', 91220, '590-366-8226');
INSERT INTO patients VALUES('99', 'Robert', 'Scott', '691-41-6036', '1954-7-15', 'm', 'Native', 'N/A', 'Driver', 98297, 'Main St', 'Beaumont', 'CA', 923733, '978-574-6150');
INSERT INTO patients VALUES('100', 'Joanna', 'Major', '635-90-1551', '1972-5-31', 'f', 'Black', 'N/A', 'HR Professional', 1093, 'San Benardino Ave', 'Rancho Cucamonga', 'CA', 92344, '194-482-946');
INSERT INTO patients VALUES('101', 'George', 'Liu', '527-18-1053', '1979-12-29', 'f', 'Black', 'N/A', 'Construction Worker', 39365, 'San Benardino Ave', 'Rialto', 'CA', 91117, '85-715-3445');
INSERT INTO patients VALUES('102', 'Hailey', 'Menon', '655-25-3055', '1982-11-2', 'm', 'Hispanic', 'N/A', 'Driver', 14680, '9th St', 'Beaumont', 'CA', 923733, '453-657-4831');
INSERT INTO patients VALUES('103', 'Joanna', 'Liu', '747-64-8908', '1984-8-8', 'f', 'Hispanic', 'N/A', 'Teacher', 81927, 'San Benardino Ave', 'Loma Linda', 'CA', 923733, '790-304-1713');
INSERT INTO patients VALUES('104', 'George', 'Goyal', '640-90-5734', '1986-5-17', 'f', 'Middle Eastern', 'N/A', 'Soldier', 29140, 'Cajon St', 'Beaumont', 'CA', 92344, '117-493-1367');
INSERT INTO patients VALUES('105', 'Alice', 'White', '87-47-1557', '1954-11-23', 'm', 'Native', 'N/A', 'Teacher', 28922, 'San Benardino Ave', 'San Bernardino', 'CA', 92321, '712-714-1457');
INSERT INTO patients VALUES('106', 'John', 'Kumar', '631-1-3090', '1933-11-8', 'm', 'Native', 'N/A', 'Accountant', 10931, 'Whitman Ave', 'Beaumont', 'CA', 91022, '316-82-2453');
INSERT INTO patients VALUES('107', 'Anna', 'Gonzalez', '232-64-7518', '1963-5-18', 'm', 'Hawaiian', 'N/A', 'Driver', 78544, '9th St', 'San Bernardino', 'CA', 92344, '463-926-7817');
INSERT INTO patients VALUES('108', 'Joanna', 'Jenson', '775-98-1899', '1993-4-30', 'm', 'Native', 'N/A', 'Driver', 18707, 'Redlands Blvd', 'Loma Linda', 'CA', 92344, '86-617-3949');
INSERT INTO patients VALUES('109', 'Jack', 'Gonzalez', '222-29-7803', '1969-3-9', 'm', 'Native', 'N/A', 'Teacher', 73665, 'San Benardino Ave', 'Fontana', 'CA', 91022, '686-751-9166');
INSERT INTO patients VALUES('110', 'Robert', 'Kumar', '728-44-4033', '1943-5-5', 'f', 'Asian', 'N/A', 'Driver', 25451, '9th St', 'Riverside', 'CA', 92373, '434-196-7729');
INSERT INTO patients VALUES('111', 'Andrew', 'Watson', '871-31-1138', '1977-7-29', 'f', 'Middle Eastern', 'N/A', 'Accountant', 67530, 'Heath Ave', 'Rialto', 'CA', 91220, '991-882-945');
INSERT INTO patients VALUES('112', 'Robert', 'Scott', '224-90-1665', '1932-8-27', 'm', 'Hawaiian', 'N/A', 'Driver', 94130, '9th St', 'Rancho Cucamonga', 'CA', 92373, '563-529-8520');
INSERT INTO patients VALUES('113', 'William', 'Shah', '414-60-6360', '1977-7-25', 'm', 'White', 'N/A', 'Accountant', 22939, 'Whitman Ave', 'Rialto', 'CA', 91220, '152-529-2374');
INSERT INTO patients VALUES('114', 'William', 'Major', '852-57-5322', '1971-10-29', 'f', 'African', 'N/A', 'Driver', 48792, 'Redlands Blvd', 'San Bernardino', 'CA', 92373, '102-509-6741');
INSERT INTO patients VALUES('115', 'Mary', 'Turing', '371-69-2702', '1933-7-25', 'm', 'Black', 'N/A', 'HR Professional', 70023, 'Whitman Ave', 'Redlands', 'CA', 91022, '503-906-3829');
INSERT INTO patients VALUES('116', 'William', 'Jenson', '694-53-155', '1951-7-28', 'm', 'Middle Eastern', 'N/A', 'Pilot', 7780, 'Cajon St', 'Fontana', 'CA', 92324, '92-887-2961');
INSERT INTO patients VALUES('117', 'Joanna', 'Scott', '945-76-4941', '1988-1-21', 'f', 'Black', 'N/A', 'HR Professional', 41529, 'Foothill Blvd', 'Fontana', 'CA', 92344, '966-315-3724');
INSERT INTO patients VALUES('118', 'Joanna', 'Matthais', '430-6-9484', '2000-9-30', 'm', 'African', 'N/A', 'Construction Worker', 44250, 'San Benardino Ave', 'Riverside', 'CA', 92324, '132-997-8349');
INSERT INTO patients VALUES('119', 'Anna', 'Liu', '641-62-1687', '1939-5-4', 'm', 'African', 'N/A', 'Teacher', 90872, 'Church St', 'Rancho Cucamonga', 'CA', 92344, '421-593-3069');
INSERT INTO patients VALUES('120', 'Joanna', 'Major', '899-40-2918', '1972-5-3', 'f', 'Hawaiian', 'N/A', 'Construction Worker', 7704, 'Heath Ave', 'Fontana', 'CA', 923733, '993-643-299');
INSERT INTO patients VALUES('121', 'Joanna', 'Shah', '823-35-846', '1952-2-1', 'f', 'Hispanic', 'N/A', 'Driver', 92696, 'Redlands Blvd', 'San Bernardino', 'CA', 91117, '773-411-3613');
INSERT INTO patients VALUES('122', 'John', 'Lam', '278-43-9328', '1947-6-17', 'f', 'European', 'N/A', 'Soldier', 94411, '9th St', 'Redlands', 'CA', 91220, '61-225-873');
INSERT INTO patients VALUES('123', 'Robert', 'Liu', '739-2-3298', '1955-3-28', 'm', 'Black', 'N/A', 'Teacher', 14713, 'Foothill Blvd', 'Colton', 'CA', 91022, '600-20-494');
INSERT INTO patients VALUES('124', 'Nadine', 'Gonzalez', '467-10-7814', '1963-5-9', 'm', 'Native', 'N/A', 'HR Professional', 8462, 'Main St', 'Beaumont', 'CA', 92321, '388-953-5189');
INSERT INTO patients VALUES('125', 'Hilary', 'Turing', '510-39-5332', '1967-3-26', 'f', 'Hawaiian', 'N/A', 'Teacher', 77955, 'San Benardino Ave', 'Redlands', 'CA', 92321, '275-681-7268');
INSERT INTO patients VALUES('126', 'John', 'Menon', '619-34-7415', '1979-12-31', 'f', 'Black', 'N/A', 'Software Engineer', 96557, 'Main St', 'Rialto', 'CA', 91220, '973-556-5352');
INSERT INTO patients VALUES('127', 'Hailey', 'Matthais', '355-89-3908', '1943-4-30', 'f', 'Middle Eastern', 'N/A', 'Accountant', 89239, 'Church St', 'Rialto', 'CA', 923733, '226-457-872');
INSERT INTO patients VALUES('128', 'John', 'Lam', '994-40-7445', '2000-1-29', 'f', 'Middle Eastern', 'N/A', 'Nurse', 99483, 'Church St', 'Redlands', 'CA', 91117, '42-643-3812');
INSERT INTO patients VALUES('129', 'George', 'Theodore', '375-48-2326', '1994-4-15', 'm', 'Black', 'N/A', 'Software Engineer', 32237, 'Whitman Ave', 'Colton', 'CA', 923733, '139-570-1221');
INSERT INTO patients VALUES('130', 'Wilma', 'Menon', '120-35-3849', '1992-9-28', 'f', 'White', 'N/A', 'Software Engineer', 79419, '9th St', 'Colton', 'CA', 92324, '340-894-7731');
INSERT INTO patients VALUES('131', 'William', 'Theodore', '126-26-9301', '1986-4-11', 'm', 'Hawaiian', 'N/A', 'Software Engineer', 56190, 'Foothill Blvd', 'Redlands', 'CA', 92321, '690-525-5959');
INSERT INTO patients VALUES('132', 'George', 'Turing', '987-20-7931', '1985-7-5', 'm', 'White', 'N/A', 'Doctor', 19887, 'Cajon St', 'Colton', 'CA', 92373, '628-835-9454');
INSERT INTO patients VALUES('133', 'Joanna', 'Liu', '198-21-5510', '1989-9-11', 'm', 'African', 'N/A', 'Pilot', 92441, 'Heath Ave', 'Colton', 'CA', 92373, '671-572-8144');
INSERT INTO patients VALUES('134', 'George', 'Scott', '533-78-2587', '2001-5-27', 'f', 'Hispanic', 'N/A', 'Soldier', 37107, 'Main St', 'Riverside', 'CA', 91117, '614-715-5862');
INSERT INTO patients VALUES('135', 'William', 'Jenson', '294-70-7889', '1946-1-26', 'f', 'Hispanic', 'N/A', 'Software Engineer', 85620, 'San Benardino Ave', 'Loma Linda', 'CA', 91022, '617-99-6281');
INSERT INTO patients VALUES('136', 'Andrew', 'Matthais', '977-5-2520', '1959-12-1', 'm', 'Hawaiian', 'N/A', 'Pilot', 77701, 'Heath Ave', 'Loma Linda', 'CA', 92373, '475-855-7592');
INSERT INTO patients VALUES('137', 'James', 'Watson', '58-78-6667', '2004-6-27', 'm', 'African', 'N/A', 'Construction Worker', 48416, 'Whitman Ave', 'Riverside', 'CA', 92373, '199-708-9526');
INSERT INTO patients VALUES('138', 'Alice', 'Theodore', '378-1-1445', '2004-10-29', 'f', 'Hawaiian', 'N/A', 'Driver', 44720, 'Church St', 'Riverside', 'CA', 923733, '650-47-8324');
INSERT INTO patients VALUES('139', 'William', 'Turing', '643-89-6142', '1977-9-9', 'm', 'White', 'N/A', 'Construction Worker', 9275, 'Redlands Blvd', 'Redlands', 'CA', 92344, '374-573-505');
INSERT INTO patients VALUES('140', 'Hailey', 'Turing', '566-72-8381', '1931-8-21', 'f', 'European', 'N/A', 'Construction Worker', 79267, 'Whitman Ave', 'Redlands', 'CA', 92321, '208-616-9224');
INSERT INTO patients VALUES('141', 'Hailey', 'Matthais', '994-44-8490', '1947-6-16', 'f', 'Middle Eastern', 'N/A', 'Nurse', 55909, 'Redlands Blvd', 'Riverside', 'CA', 92321, '652-303-8982');
INSERT INTO patients VALUES('142', 'Hilary', 'Turing', '610-98-4933', '1933-12-9', 'f', 'Black', 'N/A', 'HR Professional', 80789, 'Redlands Blvd', 'Fontana', 'CA', 92373, '752-385-7382');
INSERT INTO patients VALUES('143', 'William', 'Kumar', '577-66-2726', '1934-8-11', 'm', 'African', 'N/A', 'Pilot', 41214, 'Foothill Blvd', 'Rialto', 'CA', 92324, '31-140-1714');
INSERT INTO patients VALUES('144', 'Wilma', 'White', '349-12-1608', '2002-11-27', 'm', 'African', 'N/A', 'Construction Worker', 61871, '9th St', 'Rancho Cucamonga', 'CA', 923733, '73-747-4707');
INSERT INTO patients VALUES('145', 'Hailey', 'Shah', '345-75-4431', '1932-4-15', 'f', 'European', 'N/A', 'Construction Worker', 94500, 'Cajon St', 'Fontana', 'CA', 92321, '355-599-3739');
INSERT INTO patients VALUES('146', 'Robert', 'Matthais', '289-41-8391', '1961-4-14', 'f', 'African', 'N/A', 'HR Professional', 77008, 'San Benardino Ave', 'Riverside', 'CA', 92324, '70-638-6851');
INSERT INTO patients VALUES('147', 'George', 'Lam', '937-74-2293', '2002-7-17', 'f', 'Hispanic', 'N/A', 'Soldier', 3513, 'Foothill Blvd', 'San Bernardino', 'CA', 92373, '109-47-6867');
INSERT INTO patients VALUES('148', 'Anna', 'Menon', '941-27-7068', '1977-8-13', 'm', 'White', 'N/A', 'Nurse', 93556, 'Redlands Blvd', 'Loma Linda', 'CA', 92373, '532-531-9781');
INSERT INTO patients VALUES('149', 'George', 'Shah', '711-69-2688', '1986-7-27', 'f', 'European', 'N/A', 'Teacher', 75357, 'Foothill Blvd', 'Rancho Cucamonga', 'CA', 92373, '941-38-1000');
INSERT INTO patients VALUES('150', 'Anna', 'Kumar', '666-54-5101', '1995-4-24', 'f', 'Hawaiian', 'N/A', 'Soldier', 77419, 'Cajon St', 'Fontana', 'CA', 91220, '455-706-3393');
INSERT INTO patients VALUES('151', 'William', 'Lam', '274-93-745', '1980-12-24', 'f', 'Native', 'N/A', 'Pilot', 95398, 'San Benardino Ave', 'Fontana', 'CA', 91022, '118-382-3655');
INSERT INTO patients VALUES('152', 'Alice', 'Scott', '22-97-5646', '1988-2-27', 'm', 'Middle Eastern', 'N/A', 'Doctor', 63259, 'Cajon St', 'Colton', 'CA', 91022, '848-101-5244');
INSERT INTO patients VALUES('153', 'Robert', 'Kumar', '795-81-7015', '1953-11-21', 'm', 'Asian', 'N/A', 'HR Professional', 19759, 'Whitman Ave', 'Rialto', 'CA', 923733, '63-617-6655');
INSERT INTO patients VALUES('154', 'John', 'Menon', '993-77-3888', '1957-12-10', 'm', 'Hawaiian', 'N/A', 'Soldier', 44783, 'Redlands Blvd', 'San Bernardino', 'CA', 92344, '414-725-4378');
INSERT INTO patients VALUES('155', 'John', 'Watson', '758-32-8691', '1938-9-30', 'm', 'Asian', 'N/A', 'Construction Worker', 1846, 'Redlands Blvd', 'Colton', 'CA', 92344, '318-215-4563');
INSERT INTO patients VALUES('156', 'Hailey', 'Goyal', '479-80-37', '1978-9-16', 'f', 'Middle Eastern', 'N/A', 'Pilot', 15388, 'Whitman Ave', 'Rialto', 'CA', 91117, '873-747-5105');
INSERT INTO patients VALUES('157', 'Andrew', 'Matthais', '813-30-4748', '2004-2-29', 'm', 'Hawaiian', 'N/A', 'Doctor', 84226, 'Main St', 'Rancho Cucamonga', 'CA', 92324, '552-460-8253');
INSERT INTO patients VALUES('158', 'James', 'Lam', '413-50-6540', '1983-5-11', 'f', 'White', 'N/A', 'Pilot', 70941, 'Cajon St', 'Rialto', 'CA', 91022, '138-984-3478');
INSERT INTO patients VALUES('159', 'Anna', 'Goyal', '46-92-1730', '1975-12-21', 'm', 'European', 'N/A', 'Driver', 73455, 'Main St', 'Riverside', 'CA', 92373, '373-542-4249');
INSERT INTO patients VALUES('160', 'Alice', 'Shah', '483-42-4895', '1961-10-17', 'm', 'Asian', 'N/A', 'Accountant', 91985, 'Foothill Blvd', 'San Bernardino', 'CA', 92373, '400-452-308');
INSERT INTO patients VALUES('161', 'Hailey', 'Watson', '448-30-2708', '1978-4-16', 'f', 'European', 'N/A', 'Driver', 29295, 'Main St', 'Redlands', 'CA', 92373, '569-792-5491');
INSERT INTO patients VALUES('162', 'Joanna', 'Major', '848-41-1110', '1986-2-26', 'm', 'Native', 'N/A', 'Construction Worker', 30418, 'Heath Ave', 'Rancho Cucamonga', 'CA', 92324, '753-487-8148');
INSERT INTO patients VALUES('163', 'Nadine', 'White', '15-57-1083', '1931-5-4', 'm', 'African', 'N/A', 'Soldier', 82183, 'Whitman Ave', 'Colton', 'CA', 91117, '406-261-3212');
INSERT INTO patients VALUES('164', 'Robert', 'Major', '345-78-666', '1972-8-4', 'm', 'Native', 'N/A', 'HR Professional', 98290, 'Foothill Blvd', 'Colton', 'CA', 91022, '284-876-7346');
INSERT INTO patients VALUES('165', 'Hilary', 'Gonzalez', '351-69-1933', '1998-12-27', 'm', 'Middle Eastern', 'N/A', 'Doctor', 91312, 'Whitman Ave', 'San Bernardino', 'CA', 92373, '538-469-4540');
INSERT INTO patients VALUES('166', 'Joanna', 'Matthais', '968-95-1709', '1934-5-17', 'f', 'White', 'N/A', 'Teacher', 95633, 'Main St', 'Rancho Cucamonga', 'CA', 91220, '761-689-9915');
INSERT INTO patients VALUES('167', 'George', 'Shah', '69-86-5660', '1990-10-5', 'm', 'Asian', 'N/A', 'HR Professional', 85631, 'Church St', 'Rancho Cucamonga', 'CA', 92324, '898-203-7114');
INSERT INTO patients VALUES('168', 'Alice', 'Matthais', '312-33-3704', '1941-11-14', 'f', 'Black', 'N/A', 'Driver', 22713, '9th St', 'Colton', 'CA', 923733, '903-731-475');
INSERT INTO patients VALUES('169', 'John', 'Liu', '630-40-876', '1937-10-10', 'm', 'African', 'N/A', 'Nurse', 88966, 'Cajon St', 'Riverside', 'CA', 91022, '820-523-9191');
INSERT INTO patients VALUES('170', 'Mary', 'Gonzalez', '822-53-3923', '1943-8-21', 'f', 'Black', 'N/A', 'Nurse', 13117, '9th St', 'Rancho Cucamonga', 'CA', 91220, '673-498-9047');
INSERT INTO patients VALUES('171', 'Hilary', 'Gonzalez', '540-32-2735', '1937-8-17', 'm', 'White', 'N/A', 'Pilot', 84542, '9th St', 'Loma Linda', 'CA', 923733, '447-799-2218');
INSERT INTO patients VALUES('172', 'Anna', 'White', '159-51-693', '1942-5-16', 'f', 'Middle Eastern', 'N/A', 'Software Engineer', 83254, 'San Benardino Ave', 'Beaumont', 'CA', 91220, '416-119-4630');
INSERT INTO patients VALUES('173', 'Andrew', 'Shah', '922-10-4835', '1958-10-26', 'm', 'European', 'N/A', 'Driver', 99550, 'Church St', 'Redlands', 'CA', 92373, '34-714-5984');
INSERT INTO patients VALUES('174', 'William', 'Watson', '362-9-2605', '1995-5-11', 'f', 'Native', 'N/A', 'Soldier', 94669, 'Foothill Blvd', 'Colton', 'CA', 92321, '587-569-4018');
INSERT INTO patients VALUES('175', 'George', 'Theodore', '951-67-3871', '1994-9-16', 'm', 'Hispanic', 'N/A', 'Soldier', 65728, 'Church St', 'Rancho Cucamonga', 'CA', 91220, '979-746-7113');
INSERT INTO patients VALUES('176', 'James', 'Liu', '339-47-1990', '1982-11-29', 'f', 'Black', 'N/A', 'Nurse', 27147, 'Foothill Blvd', 'Colton', 'CA', 92324, '516-34-2202');
INSERT INTO patients VALUES('177', 'Alice', 'Turing', '633-2-3334', '1961-7-16', 'f', 'Hawaiian', 'N/A', 'Doctor', 45339, 'Redlands Blvd', 'Fontana', 'CA', 92321, '796-480-5200');
INSERT INTO patients VALUES('178', 'Joanna', 'Theodore', '418-80-7247', '2002-12-1', 'f', 'Middle Eastern', 'N/A', 'Teacher', 80150, 'Redlands Blvd', 'Fontana', 'CA', 92321, '371-571-8115');
INSERT INTO patients VALUES('179', 'Robert', 'Liu', '811-70-8364', '1962-12-18', 'm', 'Asian', 'N/A', 'Construction Worker', 79393, 'Main St', 'Rialto', 'CA', 92373, '994-681-4733');
INSERT INTO patients VALUES('180', 'John', 'Theodore', '270-85-2561', '1999-6-12', 'm', 'European', 'N/A', 'Nurse', 57880, 'Main St', 'Rancho Cucamonga', 'CA', 923733, '384-515-4081');
INSERT INTO patients VALUES('181', 'Hailey', 'Matthais', '147-1-5203', '1988-6-26', 'f', 'European', 'N/A', 'Construction Worker', 74669, 'Main St', 'Redlands', 'CA', 91117, '887-453-1199');
INSERT INTO patients VALUES('182', 'Joanna', 'White', '482-57-9809', '1953-2-7', 'm', 'Black', 'N/A', 'Soldier', 89304, 'Cajon St', 'Colton', 'CA', 923733, '328-908-9061');
INSERT INTO patients VALUES('183', 'Jack', 'Watson', '637-5-1114', '1931-3-5', 'm', 'Black', 'N/A', 'Teacher', 71485, 'San Benardino Ave', 'Riverside', 'CA', 92321, '250-645-6332');
INSERT INTO patients VALUES('184', 'Hailey', 'Kumar', '742-57-9754', '1946-8-14', 'm', 'European', 'N/A', 'Software Engineer', 78368, 'Redlands Blvd', 'Fontana', 'CA', 923733, '997-865-3278');
INSERT INTO patients VALUES('185', 'Joanna', 'Goyal', '802-44-3509', '1995-6-11', 'm', 'Native', 'N/A', 'Soldier', 37858, 'Foothill Blvd', 'San Bernardino', 'CA', 91117, '187-666-3582');
INSERT INTO patients VALUES('186', 'Robert', 'Goyal', '890-40-2654', '1958-5-29', 'm', 'White', 'N/A', 'Accountant', 24994, 'Heath Ave', 'San Bernardino', 'CA', 91220, '702-831-2349');
INSERT INTO patients VALUES('187', 'James', 'Matthais', '400-0-8017', '1956-2-2', 'f', 'Asian', 'N/A', 'Teacher', 48321, 'Church St', 'Fontana', 'CA', 92373, '739-874-8818');
INSERT INTO patients VALUES('188', 'James', 'Shah', '247-93-6682', '1953-5-23', 'f', 'European', 'N/A', 'Accountant', 33955, 'Foothill Blvd', 'Beaumont', 'CA', 92373, '340-106-5525');
INSERT INTO patients VALUES('189', 'Andrew', 'White', '306-7-4163', '1940-8-8', 'm', 'European', 'N/A', 'Pilot', 7111, 'Cajon St', 'San Bernardino', 'CA', 92344, '258-471-776');
INSERT INTO patients VALUES('190', 'Jack', 'Scott', '742-52-470', '1934-8-5', 'm', 'Native', 'N/A', 'Nurse', 72467, 'Whitman Ave', 'Rancho Cucamonga', 'CA', 92373, '529-620-1344');
INSERT INTO patients VALUES('191', 'Nadine', 'Goyal', '120-0-3379', '1974-6-2', 'f', 'White', 'N/A', 'HR Professional', 60429, 'Church St', 'San Bernardino', 'CA', 92321, '797-582-461');
INSERT INTO patients VALUES('192', 'Hailey', 'Kumar', '666-68-8635', '1951-12-27', 'f', 'Native', 'N/A', 'HR Professional', 21197, 'Main St', 'Redlands', 'CA', 92373, '233-88-1586');
INSERT INTO patients VALUES('193', 'William', 'Watson', '801-15-8537', '1981-6-28', 'f', 'African', 'N/A', 'Software Engineer', 66718, 'Church St', 'Redlands', 'CA', 91022, '315-451-6761');
INSERT INTO patients VALUES('194', 'Alice', 'Theodore', '118-29-3672', '1954-10-12', 'm', 'Asian', 'N/A', 'Construction Worker', 16216, 'Foothill Blvd', 'Colton', 'CA', 92373, '280-269-7218');
INSERT INTO patients VALUES('195', 'Andrew', 'Watson', '431-24-2586', '1937-1-11', 'm', 'Middle Eastern', 'N/A', 'Nurse', 77601, 'Redlands Blvd', 'Loma Linda', 'CA', 91117, '613-227-8626');
INSERT INTO patients VALUES('196', 'George', 'Liu', '798-1-8171', '1977-6-11', 'f', 'Middle Eastern', 'N/A', 'Accountant', 88462, 'Redlands Blvd', 'Loma Linda', 'CA', 92373, '203-901-385');
INSERT INTO patients VALUES('197', 'Mary', 'Scott', '584-56-100', '1946-5-25', 'm', 'Black', 'N/A', 'Nurse', 71514, 'Whitman Ave', 'Loma Linda', 'CA', 92373, '491-878-882');
INSERT INTO patients VALUES('198', 'James', 'Matthais', '862-77-6538', '1949-7-11', 'm', 'Hispanic', 'N/A', 'Soldier', 81969, 'Main St', 'Rialto', 'CA', 91220, '41-71-2196');
INSERT INTO patients VALUES('199', 'Nadine', 'Matthais', '495-70-9515', '1930-6-6', 'f', 'Asian', 'N/A', 'Teacher', 23570, 'Heath Ave', 'Rialto', 'CA', 92373, '754-661-6536');
INSERT INTO patients VALUES('200', 'Robert', 'Menon', '943-24-811', '1932-3-27', 'm', 'European', 'N/A', 'Nurse', 71268, '9th St', 'Fontana', 'CA', 923733, '934-653-8572');
INSERT INTO patients VALUES('201', 'James', 'Kumar', '768-79-2990', '1982-12-26', 'f', 'Hawaiian', 'N/A', 'Driver', 25678, '9th St', 'Beaumont', 'CA', 91022, '752-156-4582');
INSERT INTO patients VALUES('202', 'Nadine', 'Gonzalez', '425-56-9499', '1987-4-13', 'f', 'Hawaiian', 'N/A', 'Teacher', 94408, 'Main St', 'Rancho Cucamonga', 'CA', 92324, '487-667-6429');
INSERT INTO patients VALUES('203', 'Anna', 'Shah', '407-92-7791', '1965-7-24', 'm', 'Middle Eastern', 'N/A', 'Accountant', 10832, 'Heath Ave', 'Colton', 'CA', 92373, '709-468-1518');
INSERT INTO patients VALUES('204', 'Mary', 'Liu', '320-26-1092', '1942-2-17', 'f', 'Hispanic', 'N/A', 'Doctor', 48403, 'San Benardino Ave', 'Beaumont', 'CA', 91117, '893-527-3098');
INSERT INTO patients VALUES('205', 'Robert', 'Kumar', '209-40-4356', '1949-12-25', 'f', 'Hispanic', 'N/A', 'Software Engineer', 92616, 'Church St', 'Beaumont', 'CA', 92321, '346-142-2979');
INSERT INTO patients VALUES('206', 'Hilary', 'Menon', '543-85-2381', '1957-6-6', 'm', 'Asian', 'N/A', 'Soldier', 95065, 'Cajon St', 'Fontana', 'CA', 91117, '939-671-4869');
INSERT INTO patients VALUES('207', 'Robert', 'Shah', '244-21-1779', '1975-9-2', 'f', 'Middle Eastern', 'N/A', 'Software Engineer', 4882, 'Heath Ave', 'Colton', 'CA', 92373, '587-408-708');
INSERT INTO patients VALUES('208', 'Hilary', 'Scott', '787-82-9545', '1957-6-30', 'f', 'Native', 'N/A', 'Accountant', 40825, 'Foothill Blvd', 'Riverside', 'CA', 92373, '579-864-8234');
INSERT INTO patients VALUES('209', 'Robert', 'Scott', '944-3-8123', '2004-4-5', 'f', 'White', 'N/A', 'Doctor', 5633, 'Whitman Ave', 'Loma Linda', 'CA', 92373, '763-138-4802');
INSERT INTO patients VALUES('210', 'Alice', 'Turing', '751-81-9797', '1932-3-24', 'f', 'White', 'N/A', 'HR Professional', 82336, 'Redlands Blvd', 'Fontana', 'CA', 91220, '755-495-7090');
INSERT INTO patients VALUES('211', 'James', 'Shah', '463-7-4415', '1942-12-15', 'f', 'Hispanic', 'N/A', 'Teacher', 8649, 'Cajon St', 'Riverside', 'CA', 91022, '822-113-1002');
INSERT INTO patients VALUES('212', 'Wilma', 'Watson', '995-54-7641', '1986-12-19', 'm', 'European', 'N/A', 'Software Engineer', 78690, 'Foothill Blvd', 'Rancho Cucamonga', 'CA', 91220, '692-160-1876');
INSERT INTO patients VALUES('213', 'Joanna', 'Kumar', '786-59-3217', '1953-4-22', 'm', 'White', 'N/A', 'Soldier', 94922, 'Heath Ave', 'Fontana', 'CA', 92373, '388-12-8350');
INSERT INTO patients VALUES('214', 'Andrew', 'Jenson', '813-39-1210', '1986-10-26', 'm', 'Native', 'N/A', 'Construction Worker', 31610, 'Whitman Ave', 'Rialto', 'CA', 92321, '303-91-9958');
INSERT INTO patients VALUES('215', 'Joanna', 'Lam', '271-55-8822', '1932-5-7', 'f', 'White', 'N/A', 'Construction Worker', 69584, 'Main St', 'Redlands', 'CA', 923733, '250-603-2510');
INSERT INTO patients VALUES('216', 'John', 'Kumar', '256-79-7116', '1937-6-19', 'f', 'Hawaiian', 'N/A', 'Nurse', 75733, '9th St', 'Loma Linda', 'CA', 92344, '266-785-3797');
INSERT INTO patients VALUES('217', 'Jack', 'White', '757-82-3486', '1993-11-12', 'f', 'Middle Eastern', 'N/A', 'Accountant', 40983, 'Cajon St', 'Redlands', 'CA', 92324, '136-496-2124');
INSERT INTO patients VALUES('218', 'Andrew', 'Theodore', '564-84-3154', '1963-9-24', 'f', 'White', 'N/A', 'Software Engineer', 38657, 'Heath Ave', 'Beaumont', 'CA', 92373, '369-710-7470');
INSERT INTO patients VALUES('219', 'Mary', 'Kumar', '360-23-8721', '1936-1-1', 'f', 'Hawaiian', 'N/A', 'Soldier', 6652, 'San Benardino Ave', 'Beaumont', 'CA', 91022, '221-260-1131');
INSERT INTO patients VALUES('220', 'James', 'Watson', '256-70-9559', '1941-2-16', 'm', 'Native', 'N/A', 'Doctor', 62375, 'Whitman Ave', 'Redlands', 'CA', 92373, '772-600-3321');
INSERT INTO patients VALUES('221', 'John', 'Watson', '603-17-5699', '1944-6-2', 'f', 'European', 'N/A', 'Software Engineer', 28301, 'Main St', 'Fontana', 'CA', 92373, '672-801-6631');
INSERT INTO patients VALUES('222', 'Wilma', 'Menon', '394-20-6593', '1945-10-22', 'm', 'Hawaiian', 'N/A', 'Software Engineer', 95989, 'Main St', 'San Bernardino', 'CA', 91117, '480-350-1366');
INSERT INTO patients VALUES('223', 'Alice', 'Scott', '450-83-5036', '2002-9-24', 'm', 'Hawaiian', 'N/A', 'Accountant', 14617, 'Church St', 'Riverside', 'CA', 91022, '441-29-4021');
INSERT INTO patients VALUES('224', 'Wilma', 'Turing', '798-3-6891', '1950-6-30', 'f', 'Native', 'N/A', 'Accountant', 18421, 'Heath Ave', 'San Bernardino', 'CA', 92373, '208-666-4786');
INSERT INTO patients VALUES('225', 'Nadine', 'Gonzalez', '593-7-5000', '1949-5-29', 'm', 'Hispanic', 'N/A', 'Driver', 36689, 'Whitman Ave', 'Redlands', 'CA', 923733, '276-197-4077');
INSERT INTO patients VALUES('226', 'Joanna', 'Watson', '266-5-6922', '1930-4-23', 'f', 'White', 'N/A', 'HR Professional', 28803, 'Main St', 'Fontana', 'CA', 91117, '700-48-6778');
INSERT INTO patients VALUES('227', 'Wilma', 'Matthais', '909-49-9506', '1985-9-16', 'f', 'Hawaiian', 'N/A', 'Software Engineer', 59224, 'San Benardino Ave', 'Rancho Cucamonga', 'CA', 92373, '787-523-8847');
INSERT INTO patients VALUES('228', 'Alice', 'Scott', '251-96-3664', '1986-4-28', 'f', 'Native', 'N/A', 'Soldier', 46545, 'San Benardino Ave', 'Rialto', 'CA', 92373, '246-961-1610');
INSERT INTO patients VALUES('229', 'Andrew', 'Theodore', '414-61-9513', '1932-7-2', 'f', 'Native', 'N/A', 'Software Engineer', 53313, 'Whitman Ave', 'San Bernardino', 'CA', 92324, '976-985-917');
INSERT INTO patients VALUES('230', 'Robert', 'Major', '494-97-7675', '1937-9-1', 'f', 'European', 'N/A', 'Accountant', 41289, 'Foothill Blvd', 'Beaumont', 'CA', 92324, '516-509-989');
INSERT INTO patients VALUES('231', 'Robert', 'Turing', '296-7-7799', '1997-10-29', 'm', 'Middle Eastern', 'N/A', 'Driver', 72756, 'Whitman Ave', 'Redlands', 'CA', 92321, '782-58-9105');
INSERT INTO patients VALUES('232', 'George', 'Theodore', '939-86-4455', '1994-4-17', 'f', 'African', 'N/A', 'Construction Worker', 64539, 'Foothill Blvd', 'Fontana', 'CA', 92344, '469-737-1105');
INSERT INTO patients VALUES('233', 'Jack', 'Jenson', '150-9-4036', '1980-8-25', 'f', 'Black', 'N/A', 'Soldier', 5738, 'Foothill Blvd', 'Redlands', 'CA', 92373, '355-817-4464');
INSERT INTO patients VALUES('234', 'Alice', 'Matthais', '675-7-6574', '1972-11-17', 'm', 'European', 'N/A', 'Software Engineer', 3726, 'Main St', 'Riverside', 'CA', 92344, '262-37-1238');
INSERT INTO patients VALUES('235', 'Mary', 'Theodore', '225-6-6501', '1970-2-6', 'm', 'Native', 'N/A', 'Doctor', 38539, 'Redlands Blvd', 'Riverside', 'CA', 91117, '71-844-9120');
INSERT INTO patients VALUES('236', 'Anna', 'Scott', '882-64-7972', '1997-7-24', 'm', 'Black', 'N/A', 'Teacher', 72737, 'Heath Ave', 'Fontana', 'CA', 91117, '188-828-2303');
INSERT INTO patients VALUES('237', 'Wilma', 'Goyal', '510-49-8673', '1967-11-27', 'f', 'White', 'N/A', 'HR Professional', 66849, 'San Benardino Ave', 'Riverside', 'CA', 92321, '776-472-9451');
INSERT INTO patients VALUES('238', 'John', 'Goyal', '811-72-2510', '1949-9-28', 'f', 'White', 'N/A', 'Nurse', 53782, 'Heath Ave', 'San Bernardino', 'CA', 91117, '157-137-184');
INSERT INTO patients VALUES('239', 'Hilary', 'Menon', '329-15-6352', '1931-5-18', 'm', 'Hispanic', 'N/A', 'Teacher', 25595, 'Church St', 'Beaumont', 'CA', 91117, '184-969-6650');
INSERT INTO patients VALUES('240', 'Andrew', 'White', '364-47-599', '1949-12-10', 'f', 'Black', 'N/A', 'Doctor', 90871, 'Church St', 'Fontana', 'CA', 923733, '274-697-8134');
INSERT INTO patients VALUES('241', 'Robert', 'Lam', '968-5-6572', '1934-6-26', 'f', 'White', 'N/A', 'Construction Worker', 43325, 'Cajon St', 'Rancho Cucamonga', 'CA', 92321, '765-20-832');
INSERT INTO patients VALUES('242', 'Robert', 'Gonzalez', '155-13-5130', '1961-5-28', 'm', 'Black', 'N/A', 'Nurse', 63894, 'Whitman Ave', 'Riverside', 'CA', 92373, '603-310-6749');
INSERT INTO patients VALUES('243', 'John', 'White', '390-71-2669', '1970-7-28', 'm', 'Native', 'N/A', 'Accountant', 21427, 'Church St', 'Beaumont', 'CA', 92324, '495-972-5922');
INSERT INTO patients VALUES('244', 'Wilma', 'Gonzalez', '535-48-7443', '1933-11-14', 'f', 'European', 'N/A', 'Teacher', 94610, 'Main St', 'Colton', 'CA', 92321, '987-912-2274');
INSERT INTO patients VALUES('245', 'John', 'Theodore', '337-85-6463', '1948-7-24', 'f', 'African', 'N/A', 'Driver', 94203, 'Main St', 'San Bernardino', 'CA', 92324, '47-43-3062');
INSERT INTO patients VALUES('246', 'Anna', 'Watson', '796-77-2667', '1952-12-9', 'f', 'Hispanic', 'N/A', 'Doctor', 50130, 'Whitman Ave', 'Redlands', 'CA', 92344, '333-419-1718');
INSERT INTO patients VALUES('247', 'Hilary', 'Watson', '201-73-2033', '1953-3-18', 'f', 'Hispanic', 'N/A', 'Construction Worker', 75487, 'Cajon St', 'San Bernardino', 'CA', 92344, '138-190-4790');
INSERT INTO patients VALUES('248', 'Mary', 'Shah', '38-73-7681', '1939-9-18', 'm', 'African', 'N/A', 'Software Engineer', 49220, 'Cajon St', 'Colton', 'CA', 91022, '298-157-8166');
INSERT INTO patients VALUES('249', 'Anna', 'Goyal', '802-66-5650', '1978-5-12', 'm', 'Black', 'N/A', 'Nurse', 32954, 'Heath Ave', 'Fontana', 'CA', 91022, '303-644-2720');
INSERT INTO patients VALUES('250', 'Hailey', 'White', '916-62-5791', '1970-7-1', 'f', 'Asian', 'N/A', 'Doctor', 92782, 'Foothill Blvd', 'San Bernardino', 'CA', 91220, '786-8-9422');
INSERT INTO patients VALUES('251', 'Jack', 'Major', '63-45-4265', '1946-11-22', 'f', 'Black', 'N/A', 'Software Engineer', 52540, 'Foothill Blvd', 'Rialto', 'CA', 92321, '694-758-1009');
INSERT INTO patients VALUES('252', 'Mary', 'Shah', '590-61-2377', '1987-4-29', 'f', 'Black', 'N/A', 'HR Professional', 44050, 'Foothill Blvd', 'Riverside', 'CA', 923733, '75-120-9272');
INSERT INTO patients VALUES('253', 'Anna', 'Turing', '33-57-6408', '1970-11-1', 'm', 'Native', 'N/A', 'Software Engineer', 14109, 'Main St', 'San Bernardino', 'CA', 92373, '393-719-4897');
INSERT INTO patients VALUES('254', 'Mary', 'Menon', '308-80-2149', '1968-2-22', 'f', 'Hawaiian', 'N/A', 'Software Engineer', 14993, 'Cajon St', 'Rialto', 'CA', 92321, '555-247-5237');
INSERT INTO patients VALUES('255', 'James', 'Matthais', '961-53-8495', '1961-10-17', 'f', 'Middle Eastern', 'N/A', 'Driver', 87907, 'Foothill Blvd', 'Colton', 'CA', 91022, '658-5-5073');
INSERT INTO patients VALUES('256', 'Wilma', 'Menon', '589-94-2389', '1953-10-12', 'm', 'Hawaiian', 'N/A', 'Construction Worker', 35869, 'Church St', 'Riverside', 'CA', 92344, '90-517-1382');
INSERT INTO patients VALUES('257', 'John', 'Kumar', '121-5-8039', '1974-6-15', 'm', 'Hawaiian', 'N/A', 'Construction Worker', 29922, 'Heath Ave', 'Rialto', 'CA', 923733, '895-138-7998');
INSERT INTO patients VALUES('258', 'William', 'White', '592-89-6022', '1956-5-4', 'm', 'Middle Eastern', 'N/A', 'Nurse', 97591, 'Whitman Ave', 'Loma Linda', 'CA', 92373, '250-730-9348');
INSERT INTO patients VALUES('259', 'Andrew', 'White', '167-58-1506', '2002-4-5', 'f', 'Black', 'N/A', 'Software Engineer', 74195, '9th St', 'Colton', 'CA', 91022, '344-377-1747');
INSERT INTO patients VALUES('260', 'John', 'Lam', '357-50-3510', '2003-11-7', 'f', 'White', 'N/A', 'Nurse', 80510, '9th St', 'Fontana', 'CA', 92344, '794-239-1754');
INSERT INTO patients VALUES('261', 'Hilary', 'Gonzalez', '264-43-2637', '1997-7-10', 'f', 'Asian', 'N/A', 'Teacher', 97899, '9th St', 'Colton', 'CA', 92373, '849-232-2448');
INSERT INTO patients VALUES('262', 'George', 'Lam', '8-32-7732', '2002-5-29', 'm', 'Hispanic', 'N/A', 'HR Professional', 36698, 'Church St', 'Beaumont', 'CA', 91220, '775-337-2332');
INSERT INTO patients VALUES('263', 'James', 'Turing', '910-65-9916', '1968-6-2', 'f', 'White', 'N/A', 'HR Professional', 91504, 'Cajon St', 'San Bernardino', 'CA', 92321, '960-987-9606');
INSERT INTO patients VALUES('264', 'James', 'Major', '832-19-2533', '1993-9-8', 'f', 'Native', 'N/A', 'Accountant', 40278, 'Redlands Blvd', 'San Bernardino', 'CA', 92324, '884-206-412');
INSERT INTO patients VALUES('265', 'Alice', 'Liu', '955-56-5995', '1965-9-26', 'f', 'Middle Eastern', 'N/A', 'Driver', 5800, '9th St', 'Fontana', 'CA', 92324, '384-583-1117');
INSERT INTO patients VALUES('266', 'Mary', 'White', '728-70-4335', '1949-5-23', 'f', 'Asian', 'N/A', 'Soldier', 40103, 'Church St', 'Rialto', 'CA', 92373, '10-116-706');
INSERT INTO patients VALUES('267', 'Mary', 'Liu', '510-88-2964', '1945-4-24', 'f', 'Black', 'N/A', 'Nurse', 17770, '9th St', 'Rancho Cucamonga', 'CA', 91117, '553-755-4344');
INSERT INTO patients VALUES('268', 'Joanna', 'Watson', '361-64-2361', '2000-1-27', 'm', 'Native', 'N/A', 'Soldier', 27088, 'Main St', 'Colton', 'CA', 92373, '118-410-191');
INSERT INTO patients VALUES('269', 'Jack', 'Turing', '210-10-8825', '1944-9-20', 'f', 'Middle Eastern', 'N/A', 'Nurse', 25537, 'San Benardino Ave', 'Beaumont', 'CA', 92324, '730-899-7595');
INSERT INTO patients VALUES('270', 'Robert', 'Theodore', '404-38-899', '2000-10-17', 'f', 'Middle Eastern', 'N/A', 'Construction Worker', 90489, 'Church St', 'Fontana', 'CA', 92321, '747-483-5597');
INSERT INTO patients VALUES('271', 'George', 'Turing', '314-58-201', '1991-1-18', 'm', 'Middle Eastern', 'N/A', 'Driver', 27928, 'Church St', 'Beaumont', 'CA', 92321, '622-883-9329');
INSERT INTO patients VALUES('272', 'John', 'Liu', '99-14-7948', '1939-2-2', 'f', 'White', 'N/A', 'Pilot', 78793, 'Main St', 'Loma Linda', 'CA', 92373, '127-941-9233');
INSERT INTO patients VALUES('273', 'Anna', 'Turing', '406-28-496', '1997-5-23', 'm', 'Native', 'N/A', 'Pilot', 62405, 'Foothill Blvd', 'Riverside', 'CA', 92373, '738-857-7103');
INSERT INTO patients VALUES('274', 'Mary', 'Kumar', '334-56-7753', '1996-1-22', 'f', 'Hawaiian', 'N/A', 'Construction Worker', 68477, '9th St', 'Rialto', 'CA', 92324, '376-569-8031');
INSERT INTO patients VALUES('275', 'Hilary', 'Jenson', '595-93-882', '1962-11-11', 'f', 'Asian', 'N/A', 'Driver', 40573, 'Redlands Blvd', 'San Bernardino', 'CA', 91220, '458-64-6673');
INSERT INTO patients VALUES('276', 'James', 'Gonzalez', '384-13-8999', '2002-2-10', 'f', 'Native', 'N/A', 'HR Professional', 16549, 'Redlands Blvd', 'San Bernardino', 'CA', 91022, '3-108-9692');
INSERT INTO patients VALUES('277', 'Hailey', 'Scott', '902-92-1', '1963-3-28', 'm', 'Middle Eastern', 'N/A', 'Driver', 71211, 'Church St', 'Loma Linda', 'CA', 91022, '137-819-4946');
INSERT INTO patients VALUES('278', 'Anna', 'Kumar', '369-73-4498', '1944-10-4', 'm', 'Middle Eastern', 'N/A', 'HR Professional', 87362, '9th St', 'Redlands', 'CA', 92324, '944-48-7977');
INSERT INTO patients VALUES('279', 'Andrew', 'Gonzalez', '625-41-7812', '1966-8-6', 'f', 'White', 'N/A', 'Driver', 96628, 'Cajon St', 'Loma Linda', 'CA', 91220, '422-891-9347');
INSERT INTO patients VALUES('280', 'Anna', 'Gonzalez', '50-55-7088', '1968-5-11', 'm', 'Black', 'N/A', 'Soldier', 43999, 'Church St', 'Loma Linda', 'CA', 92373, '670-801-3968');
INSERT INTO patients VALUES('281', 'Alice', 'Turing', '332-72-8734', '1991-1-11', 'm', 'Hispanic', 'N/A', 'Software Engineer', 87091, 'Whitman Ave', 'Redlands', 'CA', 92321, '749-460-2858');
INSERT INTO patients VALUES('282', 'Nadine', 'Matthais', '995-44-4639', '1931-4-22', 'm', 'African', 'N/A', 'Construction Worker', 93225, 'Heath Ave', 'Rancho Cucamonga', 'CA', 92321, '35-672-3111');
INSERT INTO patients VALUES('283', 'Nadine', 'Lam', '880-4-4599', '1957-5-17', 'f', 'Middle Eastern', 'N/A', 'Teacher', 30040, '9th St', 'Colton', 'CA', 923733, '95-435-1007');
INSERT INTO patients VALUES('284', 'Hilary', 'Goyal', '783-29-333', '1936-7-29', 'f', 'Black', 'N/A', 'Soldier', 52127, 'Foothill Blvd', 'Redlands', 'CA', 92324, '18-949-639');
INSERT INTO patients VALUES('285', 'Hilary', 'Lam', '738-49-1424', '1994-9-26', 'm', 'Asian', 'N/A', 'Software Engineer', 55823, 'Whitman Ave', 'Loma Linda', 'CA', 923733, '268-886-7099');
INSERT INTO patients VALUES('286', 'Robert', 'Watson', '824-39-9867', '1996-5-11', 'm', 'Black', 'N/A', 'Software Engineer', 28881, 'Foothill Blvd', 'Colton', 'CA', 92344, '209-658-6009');
INSERT INTO patients VALUES('287', 'Anna', 'Gonzalez', '475-88-1607', '1959-8-1', 'f', 'African', 'N/A', 'Doctor', 72431, 'Foothill Blvd', 'Loma Linda', 'CA', 92373, '996-103-2417');
INSERT INTO patients VALUES('288', 'Joanna', 'Watson', '510-75-9682', '1981-10-17', 'f', 'Black', 'N/A', 'Teacher', 71490, 'Church St', 'Loma Linda', 'CA', 92324, '932-423-8127');
INSERT INTO patients VALUES('289', 'William', 'White', '602-71-7761', '1957-4-4', 'm', 'Middle Eastern', 'N/A', 'Pilot', 92565, 'Main St', 'Rialto', 'CA', 91220, '678-830-6098');
INSERT INTO patients VALUES('290', 'Nadine', 'Liu', '223-73-6913', '1953-8-12', 'm', 'Native', 'N/A', 'Accountant', 9054, 'Church St', 'Rialto', 'CA', 923733, '791-194-4633');
INSERT INTO patients VALUES('291', 'James', 'Turing', '958-19-7936', '1952-11-2', 'f', 'Native', 'N/A', 'Pilot', 75835, 'Main St', 'Beaumont', 'CA', 92324, '686-501-7399');
INSERT INTO patients VALUES('292', 'Alice', 'Matthais', '496-76-6533', '1999-7-13', 'f', 'Hispanic', 'N/A', 'Driver', 99886, 'Church St', 'Loma Linda', 'CA', 92324, '752-3-4829');
INSERT INTO patients VALUES('293', 'Hilary', 'Major', '328-85-1711', '1970-8-25', 'f', 'Middle Eastern', 'N/A', 'Software Engineer', 34751, 'Church St', 'Loma Linda', 'CA', 92321, '487-124-4721');
INSERT INTO patients VALUES('294', 'Jack', 'Watson', '118-63-4598', '1935-7-3', 'm', 'White', 'N/A', 'Pilot', 46330, 'San Benardino Ave', 'San Bernardino', 'CA', 91117, '425-652-4046');
INSERT INTO patients VALUES('295', 'Joanna', 'Shah', '413-2-8853', '1941-9-12', 'm', 'European', 'N/A', 'Accountant', 73170, 'Heath Ave', 'Beaumont', 'CA', 91220, '466-695-3558');
INSERT INTO patients VALUES('296', 'Nadine', 'Gonzalez', '76-5-9914', '1935-7-20', 'm', 'Middle Eastern', 'N/A', 'Driver', 2326, 'Cajon St', 'Redlands', 'CA', 91220, '307-800-603');
INSERT INTO patients VALUES('297', 'George', 'Liu', '693-7-4125', '1961-8-29', 'm', 'Middle Eastern', 'N/A', 'HR Professional', 99043, 'Foothill Blvd', 'Riverside', 'CA', 91220, '667-496-6969');
INSERT INTO patients VALUES('298', 'James', 'Watson', '521-19-317', '1944-5-15', 'm', 'European', 'N/A', 'Nurse', 20055, 'Whitman Ave', 'Beaumont', 'CA', 92373, '830-468-8499');
INSERT INTO patients VALUES('299', 'James', 'Matthais', '90-26-6354', '1940-5-31', 'f', 'Native', 'N/A', 'Nurse', 66273, 'Church St', 'Rancho Cucamonga', 'CA', 92373, '787-937-8817');
INSERT INTO patients VALUES('300', 'Nadine', 'Shah', '172-96-593', '1975-8-21', 'm', 'Middle Eastern', 'N/A', 'HR Professional', 29025, 'Main St', 'Riverside', 'CA', 92344, '886-220-4082');
INSERT INTO patients VALUES('301', 'Joanna', 'Turing', '77-53-6773', '2001-3-15', 'm', 'African', 'N/A', 'Accountant', 32250, '9th St', 'Redlands', 'CA', 91220, '365-97-6107');
INSERT INTO patients VALUES('302', 'Anna', 'Turing', '370-45-676', '1995-6-10', 'm', 'Black', 'N/A', 'Nurse', 37655, 'Church St', 'Rancho Cucamonga', 'CA', 91117, '385-725-4435');
INSERT INTO patients VALUES('303', 'Joanna', 'Matthais', '224-56-4261', '1937-12-8', 'f', 'European', 'N/A', 'Teacher', 36035, 'Main St', 'Fontana', 'CA', 92324, '940-929-8198');
INSERT INTO patients VALUES('304', 'Andrew', 'Major', '53-41-2861', '1982-4-29', 'f', 'Asian', 'N/A', 'Pilot', 92855, 'Main St', 'Loma Linda', 'CA', 91022, '532-4-5124');
INSERT INTO patients VALUES('305', 'Alice', 'Watson', '270-74-674', '1987-10-27', 'm', 'Hispanic', 'N/A', 'Doctor', 82586, 'Whitman Ave', 'Loma Linda', 'CA', 923733, '38-977-7073');
INSERT INTO patients VALUES('306', 'Hilary', 'Shah', '181-87-1699', '1984-8-11', 'm', 'Asian', 'N/A', 'Pilot', 83986, 'San Benardino Ave', 'Colton', 'CA', 91117, '913-151-2816');
INSERT INTO patients VALUES('307', 'Anna', 'White', '285-88-7425', '1976-10-20', 'f', 'Hispanic', 'N/A', 'Pilot', 5838, '9th St', 'Riverside', 'CA', 92373, '723-390-3806');
INSERT INTO patients VALUES('308', 'John', 'Matthais', '490-82-7316', '1974-6-27', 'f', 'White', 'N/A', 'Driver', 20688, 'Foothill Blvd', 'San Bernardino', 'CA', 91022, '985-571-5413');
INSERT INTO patients VALUES('309', 'Hilary', 'Goyal', '497-36-9385', '1985-1-10', 'f', 'Black', 'N/A', 'Pilot', 66615, 'Main St', 'Fontana', 'CA', 92373, '35-290-9157');
INSERT INTO patients VALUES('310', 'Hailey', 'Liu', '55-74-9764', '1978-5-20', 'f', 'Black', 'N/A', 'Doctor', 97247, 'Main St', 'San Bernardino', 'CA', 92373, '45-584-8290');
INSERT INTO patients VALUES('311', 'John', 'Theodore', '446-29-4083', '2000-1-12', 'f', 'White', 'N/A', 'HR Professional', 9293, 'Main St', 'Redlands', 'CA', 92344, '363-899-328');
INSERT INTO patients VALUES('312', 'Alice', 'Jenson', '128-53-6286', '1953-8-31', 'm', 'White', 'N/A', 'Accountant', 94946, 'Main St', 'Riverside', 'CA', 92373, '325-967-4376');
INSERT INTO patients VALUES('313', 'James', 'Kumar', '745-31-593', '1968-7-1', 'f', 'Black', 'N/A', 'Software Engineer', 18014, 'Church St', 'San Bernardino', 'CA', 92373, '331-251-2850');
INSERT INTO patients VALUES('314', 'Hailey', 'Turing', '508-47-171', '1991-11-15', 'm', 'African', 'N/A', 'HR Professional', 80539, 'Main St', 'Colton', 'CA', 91022, '589-663-2517');
INSERT INTO patients VALUES('315', 'Andrew', 'Shah', '769-38-4913', '1945-3-1', 'm', 'Native', 'N/A', 'Nurse', 26900, 'Redlands Blvd', 'Fontana', 'CA', 91117, '255-23-7990');
INSERT INTO patients VALUES('316', 'Alice', 'Major', '836-6-2721', '1968-10-14', 'm', 'Black', 'N/A', 'Software Engineer', 32307, 'Cajon St', 'Colton', 'CA', 92373, '477-705-9406');
INSERT INTO patients VALUES('317', 'Robert', 'Liu', '141-76-6979', '1951-12-12', 'f', 'Asian', 'N/A', 'HR Professional', 91467, 'Cajon St', 'Riverside', 'CA', 91220, '831-337-151');
INSERT INTO patients VALUES('318', 'Mary', 'Jenson', '36-66-7659', '1946-10-27', 'f', 'European', 'N/A', 'Software Engineer', 76301, 'Redlands Blvd', 'Fontana', 'CA', 92344, '982-571-7942');
INSERT INTO patients VALUES('319', 'Nadine', 'Theodore', '193-48-6489', '1942-1-22', 'm', 'Middle Eastern', 'N/A', 'Pilot', 45011, '9th St', 'Beaumont', 'CA', 92321, '184-662-2720');
INSERT INTO patients VALUES('320', 'Wilma', 'Theodore', '45-34-1826', '1994-10-19', 'm', 'African', 'N/A', 'Nurse', 85451, 'Heath Ave', 'Colton', 'CA', 91220, '35-902-5707');
INSERT INTO patients VALUES('321', 'Mary', 'Major', '1-37-3790', '1980-8-25', 'f', 'Hawaiian', 'N/A', 'Soldier', 8169, 'Cajon St', 'Fontana', 'CA', 92373, '475-319-3050');
INSERT INTO patients VALUES('322', 'Anna', 'Menon', '238-27-4019', '1965-2-3', 'm', 'Hispanic', 'N/A', 'Construction Worker', 61650, 'Cajon St', 'San Bernardino', 'CA', 92344, '430-32-565');
INSERT INTO patients VALUES('323', 'Wilma', 'Jenson', '437-5-8106', '1999-10-25', 'f', 'African', 'N/A', 'HR Professional', 11599, 'Church St', 'Colton', 'CA', 92321, '798-52-2078');
INSERT INTO patients VALUES('324', 'George', 'Kumar', '747-25-5255', '1994-11-2', 'f', 'Asian', 'N/A', 'Pilot', 46904, 'Cajon St', 'Rancho Cucamonga', 'CA', 92344, '207-61-406');
INSERT INTO patients VALUES('325', 'Hilary', 'Major', '201-88-9614', '1938-7-23', 'm', 'Hispanic', 'N/A', 'Doctor', 34522, 'Heath Ave', 'Redlands', 'CA', 923733, '360-137-6189');
INSERT INTO patients VALUES('326', 'William', 'White', '832-18-2920', '1940-12-3', 'm', 'European', 'N/A', 'Construction Worker', 75253, 'Main St', 'Colton', 'CA', 923733, '298-740-4357');
INSERT INTO patients VALUES('327', 'George', 'Gonzalez', '160-26-3568', '1967-4-13', 'm', 'Black', 'N/A', 'Driver', 771, '9th St', 'Loma Linda', 'CA', 92373, '934-586-6499');
INSERT INTO patients VALUES('328', 'George', 'Liu', '375-38-2170', '1995-10-3', 'm', 'Hispanic', 'N/A', 'Pilot', 30555, 'Heath Ave', 'Fontana', 'CA', 91117, '361-540-8720');
INSERT INTO patients VALUES('329', 'Jack', 'Shah', '905-66-2822', '1945-4-2', 'm', 'Middle Eastern', 'N/A', 'Doctor', 80494, 'Redlands Blvd', 'Beaumont', 'CA', 92373, '831-572-1107');
INSERT INTO patients VALUES('330', 'Wilma', 'Watson', '327-1-4646', '1991-7-16', 'm', 'European', 'N/A', 'Accountant', 61825, '9th St', 'Beaumont', 'CA', 91022, '47-102-9855');
INSERT INTO patients VALUES('331', 'James', 'Turing', '932-10-2259', '1948-4-28', 'm', 'Hispanic', 'N/A', 'Nurse', 18792, 'Main St', 'Rialto', 'CA', 91220, '477-803-1632');
INSERT INTO patients VALUES('332', 'James', 'Menon', '167-44-16', '1965-8-28', 'm', 'African', 'N/A', 'Doctor', 82815, 'Redlands Blvd', 'Rialto', 'CA', 92373, '635-100-8575');
INSERT INTO patients VALUES('333', 'George', 'Goyal', '934-30-9927', '1966-4-22', 'f', 'Hispanic', 'N/A', 'Teacher', 60501, '9th St', 'Beaumont', 'CA', 92324, '304-241-2269');
INSERT INTO patients VALUES('334', 'Hailey', 'Goyal', '251-58-2466', '1997-1-9', 'm', 'White', 'N/A', 'Doctor', 12510, 'Heath Ave', 'Rialto', 'CA', 92324, '650-0-366');
INSERT INTO patients VALUES('335', 'Andrew', 'Menon', '807-28-2267', '1998-6-30', 'f', 'Black', 'N/A', 'Doctor', 70508, 'Cajon St', 'Rancho Cucamonga', 'CA', 923733, '627-294-7700');
INSERT INTO patients VALUES('336', 'William', 'Shah', '365-81-3265', '1939-2-27', 'm', 'Asian', 'N/A', 'Driver', 93439, 'Foothill Blvd', 'Fontana', 'CA', 91117, '296-88-5598');
INSERT INTO patients VALUES('337', 'Wilma', 'Shah', '791-66-4789', '1966-5-22', 'f', 'African', 'N/A', 'Nurse', 90143, 'Cajon St', 'Redlands', 'CA', 92344, '12-184-8330');
INSERT INTO patients VALUES('338', 'Mary', 'Major', '458-19-2897', '1950-5-19', 'f', 'Hawaiian', 'N/A', 'Soldier', 22737, 'Heath Ave', 'Fontana', 'CA', 91022, '397-678-9934');
INSERT INTO patients VALUES('339', 'Anna', 'White', '582-72-8383', '1981-8-28', 'f', 'Native', 'N/A', 'Accountant', 74351, 'Redlands Blvd', 'Colton', 'CA', 923733, '210-199-8052');
INSERT INTO patients VALUES('340', 'William', 'Scott', '191-30-8119', '1941-2-19', 'f', 'Native', 'N/A', 'Accountant', 92156, 'San Benardino Ave', 'Loma Linda', 'CA', 92373, '366-438-6914');
INSERT INTO patients VALUES('341', 'George', 'Turing', '781-23-7785', '1951-1-29', 'm', 'Hispanic', 'N/A', 'Doctor', 63843, 'Church St', 'Rialto', 'CA', 923733, '350-818-1204');
INSERT INTO patients VALUES('342', 'George', 'Theodore', '492-37-1508', '1986-12-15', 'm', 'Native', 'N/A', 'Doctor', 15714, 'Redlands Blvd', 'Rancho Cucamonga', 'CA', 92324, '298-634-2723');
INSERT INTO patients VALUES('343', 'Anna', 'Watson', '186-84-7190', '1981-2-16', 'm', 'Native', 'N/A', 'Accountant', 17967, 'San Benardino Ave', 'Rancho Cucamonga', 'CA', 91220, '114-585-925');
INSERT INTO patients VALUES('344', 'John', 'Scott', '869-74-8356', '1978-10-18', 'm', 'European', 'N/A', 'Software Engineer', 49098, 'Foothill Blvd', 'Rancho Cucamonga', 'CA', 92373, '37-481-8958');
INSERT INTO patients VALUES('345', 'Anna', 'Jenson', '424-32-5570', '1971-6-10', 'm', 'Hawaiian', 'N/A', 'HR Professional', 73371, 'Whitman Ave', 'Redlands', 'CA', 92321, '703-283-2551');
INSERT INTO patients VALUES('346', 'Jack', 'Goyal', '15-54-7686', '1954-1-21', 'm', 'Middle Eastern', 'N/A', 'Soldier', 93351, '9th St', 'Beaumont', 'CA', 91117, '54-572-1298');
INSERT INTO patients VALUES('347', 'Alice', 'Theodore', '844-66-5827', '1951-9-14', 'f', 'Asian', 'N/A', 'Software Engineer', 67169, 'Main St', 'Fontana', 'CA', 92321, '412-525-5838');
INSERT INTO patients VALUES('348', 'James', 'Major', '996-62-8566', '1994-2-2', 'f', 'Native', 'N/A', 'Doctor', 45084, 'Church St', 'Fontana', 'CA', 91022, '336-652-4071');
INSERT INTO patients VALUES('349', 'Joanna', 'Matthais', '95-56-1189', '1977-10-18', 'f', 'European', 'N/A', 'Pilot', 29454, 'Main St', 'Fontana', 'CA', 92373, '27-51-8639');
INSERT INTO patients VALUES('350', 'George', 'Jenson', '139-30-9791', '1957-7-7', 'm', 'Hawaiian', 'N/A', 'Soldier', 35000, 'Main St', 'Fontana', 'CA', 92373, '90-900-8304');
INSERT INTO patients VALUES('351', 'Hilary', 'Watson', '902-9-4433', '1967-9-26', 'f', 'Hispanic', 'N/A', 'Accountant', 62290, 'Main St', 'Colton', 'CA', 92324, '140-641-8009');
INSERT INTO patients VALUES('352', 'William', 'Scott', '221-42-4813', '1950-12-9', 'm', 'White', 'N/A', 'Construction Worker', 92898, 'Foothill Blvd', 'Redlands', 'CA', 92321, '206-784-5724');
INSERT INTO patients VALUES('353', 'Robert', 'Kumar', '296-62-1047', '1945-10-18', 'f', 'Black', 'N/A', 'Pilot', 2021, 'Foothill Blvd', 'Fontana', 'CA', 923733, '647-45-5838');
INSERT INTO patients VALUES('354', 'Hilary', 'Turing', '621-71-8375', '1960-11-22', 'f', 'White', 'N/A', 'HR Professional', 53396, 'Church St', 'Redlands', 'CA', 923733, '756-218-2688');
INSERT INTO patients VALUES('355', 'John', 'Liu', '524-33-6722', '1954-4-7', 'm', 'European', 'N/A', 'Teacher', 51450, 'Foothill Blvd', 'Riverside', 'CA', 92373, '221-222-8443');
INSERT INTO patients VALUES('356', 'Robert', 'Jenson', '353-30-734', '1931-4-28', 'm', 'White', 'N/A', 'Doctor', 3908, 'Heath Ave', 'Rialto', 'CA', 923733, '348-206-2086');
INSERT INTO patients VALUES('357', 'James', 'Gonzalez', '539-18-2736', '1930-8-11', 'f', 'Native', 'N/A', 'Nurse', 99211, '9th St', 'San Bernardino', 'CA', 91117, '64-5-7950');
INSERT INTO patients VALUES('358', 'Anna', 'Liu', '764-65-255', '1968-12-22', 'm', 'Native', 'N/A', 'Driver', 69273, 'Main St', 'Beaumont', 'CA', 923733, '906-855-7222');
INSERT INTO patients VALUES('359', 'Wilma', 'Matthais', '916-98-1231', '1984-3-17', 'm', 'Hawaiian', 'N/A', 'Soldier', 75205, '9th St', 'Beaumont', 'CA', 91220, '332-509-6873');
INSERT INTO patients VALUES('360', 'Andrew', 'Major', '633-11-2885', '1998-1-28', 'm', 'Hawaiian', 'N/A', 'Construction Worker', 13187, 'San Benardino Ave', 'Loma Linda', 'CA', 91220, '641-53-3101');
INSERT INTO patients VALUES('361', 'Mary', 'White', '514-91-9245', '1953-10-26', 'm', 'White', 'N/A', 'HR Professional', 76398, 'Cajon St', 'Rialto', 'CA', 92373, '340-114-9863');
INSERT INTO patients VALUES('362', 'Alice', 'Turing', '638-67-1046', '1972-5-14', 'f', 'Asian', 'N/A', 'Construction Worker', 66407, 'Church St', 'Rancho Cucamonga', 'CA', 92373, '377-891-3412');
INSERT INTO patients VALUES('363', 'Hailey', 'Menon', '415-31-1217', '2003-9-1', 'm', 'White', 'N/A', 'Construction Worker', 27061, '9th St', 'Beaumont', 'CA', 92321, '497-30-7507');
INSERT INTO patients VALUES('364', 'Hilary', 'Lam', '651-35-6135', '1977-8-18', 'm', 'Hawaiian', 'N/A', 'Teacher', 90549, 'Foothill Blvd', 'Redlands', 'CA', 91022, '350-582-5950');
INSERT INTO patients VALUES('365', 'Wilma', 'Menon', '771-12-6601', '1993-2-17', 'm', 'European', 'N/A', 'Accountant', 50410, '9th St', 'Loma Linda', 'CA', 91022, '121-862-4952');
INSERT INTO patients VALUES('366', 'Nadine', 'Liu', '553-88-6009', '1997-2-28', 'm', 'African', 'N/A', 'Teacher', 55035, 'Whitman Ave', 'Redlands', 'CA', 92373, '391-73-2579');
INSERT INTO patients VALUES('367', 'Alice', 'White', '588-84-8748', '1994-9-28', 'f', 'Black', 'N/A', 'Accountant', 97013, '9th St', 'Colton', 'CA', 91117, '394-961-5487');
INSERT INTO patients VALUES('368', 'Anna', 'Turing', '30-19-4948', '2004-6-13', 'f', 'European', 'N/A', 'Driver', 92715, 'Whitman Ave', 'San Bernardino', 'CA', 92373, '760-133-3284');
INSERT INTO patients VALUES('369', 'Andrew', 'Turing', '492-35-480', '1934-10-12', 'f', 'European', 'N/A', 'Soldier', 44540, '9th St', 'Redlands', 'CA', 92373, '350-303-8014');
INSERT INTO patients VALUES('370', 'Hilary', 'Gonzalez', '952-80-401', '1970-1-17', 'f', 'European', 'N/A', 'Nurse', 65193, 'Church St', 'Rialto', 'CA', 92344, '284-115-5267');
INSERT INTO patients VALUES('371', 'Robert', 'Theodore', '424-11-7094', '1982-10-6', 'f', 'White', 'N/A', 'Doctor', 17884, 'Cajon St', 'Beaumont', 'CA', 92324, '446-91-720');
INSERT INTO patients VALUES('372', 'John', 'Watson', '32-37-8954', '1978-12-6', 'f', 'Asian', 'N/A', 'Nurse', 80828, 'Heath Ave', 'Beaumont', 'CA', 92321, '710-581-3896');
INSERT INTO patients VALUES('373', 'Hailey', 'Gonzalez', '217-92-4032', '1976-3-27', 'm', 'White', 'N/A', 'Nurse', 12269, 'Redlands Blvd', 'Loma Linda', 'CA', 92324, '1-835-1100');
INSERT INTO patients VALUES('374', 'Alice', 'White', '700-54-4076', '1986-5-18', 'f', 'Black', 'N/A', 'Construction Worker', 12611, 'Foothill Blvd', 'Redlands', 'CA', 92321, '731-310-8978');
INSERT INTO patients VALUES('375', 'Alice', 'Turing', '884-57-3564', '1989-11-24', 'm', 'African', 'N/A', 'Driver', 60234, 'Church St', 'Beaumont', 'CA', 923733, '58-580-4328');
INSERT INTO patients VALUES('376', 'Nadine', 'Goyal', '493-11-1007', '1987-12-7', 'm', 'Middle Eastern', 'N/A', 'Teacher', 41239, 'San Benardino Ave', 'Fontana', 'CA', 92373, '212-881-4915');
INSERT INTO patients VALUES('377', 'Robert', 'Turing', '126-68-2801', '1957-11-12', 'f', 'Black', 'N/A', 'Teacher', 32597, 'Main St', 'Colton', 'CA', 923733, '117-293-16');
INSERT INTO patients VALUES('378', 'Andrew', 'Liu', '214-52-8742', '1930-2-2', 'm', 'Asian', 'N/A', 'Construction Worker', 72153, 'Main St', 'Loma Linda', 'CA', 923733, '489-694-7434');
INSERT INTO patients VALUES('379', 'Alice', 'Gonzalez', '216-91-2933', '1998-10-13', 'f', 'Hispanic', 'N/A', 'Accountant', 49346, '9th St', 'Colton', 'CA', 91220, '187-416-162');
INSERT INTO patients VALUES('380', 'Andrew', 'Shah', '568-74-7933', '1977-6-24', 'f', 'Native', 'N/A', 'HR Professional', 55993, 'Main St', 'Fontana', 'CA', 92373, '364-995-5512');
INSERT INTO patients VALUES('381', 'George', 'Liu', '704-78-6269', '1987-1-11', 'f', 'Black', 'N/A', 'Soldier', 2411, 'Whitman Ave', 'Rancho Cucamonga', 'CA', 91220, '289-413-9062');
INSERT INTO patients VALUES('382', 'Jack', 'Shah', '238-70-7366', '1989-9-21', 'f', 'Hispanic', 'N/A', 'Soldier', 8204, 'Main St', 'Colton', 'CA', 92373, '820-648-2759');
INSERT INTO patients VALUES('383', 'John', 'Gonzalez', '229-63-4394', '1965-2-5', 'm', 'White', 'N/A', 'Doctor', 47502, 'Church St', 'Rancho Cucamonga', 'CA', 92321, '164-816-5173');
INSERT INTO patients VALUES('384', 'Mary', 'Matthais', '195-25-7137', '1980-1-28', 'f', 'Hawaiian', 'N/A', 'Doctor', 17626, 'San Benardino Ave', 'Rancho Cucamonga', 'CA', 92321, '480-564-4389');
INSERT INTO patients VALUES('385', 'James', 'Shah', '946-56-2734', '1932-9-27', 'm', 'Hawaiian', 'N/A', 'Soldier', 6414, 'Whitman Ave', 'Loma Linda', 'CA', 92321, '16-813-5719');
INSERT INTO patients VALUES('386', 'Jack', 'Shah', '619-89-9284', '1988-2-11', 'm', 'Middle Eastern', 'N/A', 'Software Engineer', 84229, 'Foothill Blvd', 'Colton', 'CA', 923733, '108-656-5484');
INSERT INTO patients VALUES('387', 'Anna', 'Menon', '910-41-7601', '1934-10-24', 'm', 'White', 'N/A', 'Soldier', 18138, 'Church St', 'San Bernardino', 'CA', 92344, '432-842-8750');
INSERT INTO patients VALUES('388', 'Mary', 'Menon', '526-23-4597', '1957-10-16', 'm', 'Hispanic', 'N/A', 'Doctor', 25830, 'Cajon St', 'Loma Linda', 'CA', 91220, '335-23-570');
INSERT INTO patients VALUES('389', 'Hilary', 'Menon', '453-88-528', '1963-10-11', 'm', 'Native', 'N/A', 'Software Engineer', 2991, 'Whitman Ave', 'Fontana', 'CA', 92373, '968-301-3881');
INSERT INTO patients VALUES('390', 'Joanna', 'Major', '94-63-7248', '1962-6-23', 'f', 'African', 'N/A', 'Construction Worker', 35746, '9th St', 'Rialto', 'CA', 91117, '297-535-7003');
INSERT INTO patients VALUES('391', 'John', 'Jenson', '425-5-8309', '1967-1-6', 'f', 'White', 'N/A', 'HR Professional', 12193, 'Foothill Blvd', 'Riverside', 'CA', 91022, '39-789-4021');
INSERT INTO patients VALUES('392', 'Andrew', 'Matthais', '521-58-3438', '1985-5-26', 'm', 'European', 'N/A', 'Doctor', 14414, 'Whitman Ave', 'Redlands', 'CA', 91117, '827-541-2170');
INSERT INTO patients VALUES('393', 'Hailey', 'Scott', '728-62-3129', '1979-10-19', 'm', 'Black', 'N/A', 'Soldier', 11850, 'Cajon St', 'San Bernardino', 'CA', 91022, '852-664-949');
INSERT INTO patients VALUES('394', 'Hailey', 'Scott', '394-44-3965', '2003-5-25', 'f', 'Asian', 'N/A', 'Soldier', 74843, 'Heath Ave', 'Rancho Cucamonga', 'CA', 92321, '422-290-9732');
INSERT INTO patients VALUES('395', 'William', 'Turing', '72-24-4515', '1984-2-10', 'm', 'White', 'N/A', 'Software Engineer', 36106, 'Whitman Ave', 'Rialto', 'CA', 91117, '35-242-7488');
INSERT INTO patients VALUES('396', 'James', 'Matthais', '996-8-687', '1944-5-20', 'm', 'White', 'N/A', 'Doctor', 34415, 'San Benardino Ave', 'Beaumont', 'CA', 92373, '896-27-7513');
INSERT INTO patients VALUES('397', 'Mary', 'Scott', '78-53-6078', '1976-10-27', 'm', 'Native', 'N/A', 'HR Professional', 31413, 'Main St', 'Colton', 'CA', 92324, '700-103-7483');
INSERT INTO patients VALUES('398', 'Andrew', 'Gonzalez', '348-15-8471', '1933-7-25', 'f', 'European', 'N/A', 'Software Engineer', 21749, 'Heath Ave', 'Rialto', 'CA', 91220, '820-165-3987');
INSERT INTO patients VALUES('399', 'Wilma', 'Theodore', '620-38-2707', '1956-11-29', 'm', 'Hispanic', 'N/A', 'Software Engineer', 46078, 'Heath Ave', 'Colton', 'CA', 92321, '645-588-4212');
INSERT INTO patients VALUES('400', 'Anna', 'Scott', '277-67-6869', '1938-6-12', 'm', 'White', 'N/A', 'Teacher', 82312, '9th St', 'Rialto', 'CA', 92321, '859-693-2799');
INSERT INTO patients VALUES('401', 'Wilma', 'Major', '887-53-402', '1937-12-7', 'f', 'Hispanic', 'N/A', 'Pilot', 2316, 'Redlands Blvd', 'Rialto', 'CA', 91117, '14-397-9168');
INSERT INTO patients VALUES('402', 'Mary', 'Liu', '666-72-4808', '1941-4-1', 'm', 'Black', 'N/A', 'Driver', 61957, 'San Benardino Ave', 'Colton', 'CA', 923733, '198-700-630');
INSERT INTO patients VALUES('403', 'Nadine', 'Gonzalez', '640-16-2039', '1937-8-4', 'm', 'Native', 'N/A', 'HR Professional', 40025, 'Cajon St', 'San Bernardino', 'CA', 92373, '703-141-6042');
INSERT INTO patients VALUES('404', 'Anna', 'Kumar', '221-17-9566', '1968-10-28', 'f', 'Hawaiian', 'N/A', 'Software Engineer', 87304, 'Redlands Blvd', 'Riverside', 'CA', 92321, '306-473-9978');
INSERT INTO patients VALUES('405', 'Mary', 'Gonzalez', '725-25-3184', '1952-10-28', 'm', 'Hispanic', 'N/A', 'Soldier', 21541, 'Redlands Blvd', 'Riverside', 'CA', 91220, '733-498-4221');
INSERT INTO patients VALUES('406', 'Andrew', 'Turing', '245-22-2731', '1958-5-22', 'm', 'European', 'N/A', 'HR Professional', 30181, 'Whitman Ave', 'Rialto', 'CA', 91220, '186-140-4621');
INSERT INTO patients VALUES('407', 'John', 'Watson', '778-87-1245', '1948-3-17', 'm', 'Middle Eastern', 'N/A', 'Software Engineer', 93073, 'San Benardino Ave', 'Fontana', 'CA', 91022, '435-14-3512');
INSERT INTO patients VALUES('408', 'Anna', 'White', '653-3-6847', '2002-2-21', 'm', 'Asian', 'N/A', 'Soldier', 9910, '9th St', 'Fontana', 'CA', 91117, '868-465-8675');
INSERT INTO patients VALUES('409', 'John', 'White', '11-36-9116', '1962-10-14', 'm', 'Hawaiian', 'N/A', 'Accountant', 92178, 'San Benardino Ave', 'Riverside', 'CA', 91220, '781-818-2165');
INSERT INTO patients VALUES('410', 'Hailey', 'Turing', '806-44-4545', '1979-1-10', 'm', 'Native', 'N/A', 'Software Engineer', 24004, 'Church St', 'San Bernardino', 'CA', 923733, '633-414-8290');
INSERT INTO patients VALUES('411', 'Jack', 'Liu', '86-67-6195', '1966-10-24', 'm', 'Hawaiian', 'N/A', 'Driver', 65929, 'Redlands Blvd', 'Redlands', 'CA', 92344, '441-187-719');
INSERT INTO patients VALUES('412', 'James', 'Watson', '177-95-5691', '1956-7-17', 'm', 'Hispanic', 'N/A', 'Teacher', 25285, 'Church St', 'Fontana', 'CA', 923733, '319-525-1145');
INSERT INTO patients VALUES('413', 'Hilary', 'Shah', '997-81-1701', '1961-5-5', 'f', 'Hawaiian', 'N/A', 'Accountant', 38276, 'Redlands Blvd', 'Riverside', 'CA', 92373, '623-747-7652');
INSERT INTO patients VALUES('414', 'William', 'Watson', '937-38-5545', '1939-11-15', 'f', 'Hispanic', 'N/A', 'Doctor', 41168, 'Heath Ave', 'Loma Linda', 'CA', 923733, '915-682-4791');
INSERT INTO patients VALUES('415', 'Mary', 'Watson', '916-66-7616', '1954-6-2', 'm', 'Asian', 'N/A', 'Software Engineer', 58643, 'Redlands Blvd', 'Rancho Cucamonga', 'CA', 91117, '718-422-6323');
INSERT INTO patients VALUES('416', 'Robert', 'Major', '304-78-1348', '1940-4-24', 'f', 'White', 'N/A', 'Accountant', 42528, 'Foothill Blvd', 'Rialto', 'CA', 92321, '190-901-2894');
INSERT INTO patients VALUES('417', 'Robert', 'Lam', '518-30-71', '2003-10-25', 'm', 'Native', 'N/A', 'Software Engineer', 91935, 'Foothill Blvd', 'Beaumont', 'CA', 92373, '79-498-1055');
INSERT INTO patients VALUES('418', 'George', 'Menon', '453-88-3744', '1938-11-30', 'f', 'Middle Eastern', 'N/A', 'Accountant', 70522, 'Church St', 'Riverside', 'CA', 91117, '453-45-6223');
INSERT INTO patients VALUES('419', 'Hailey', 'Liu', '66-8-6738', '1982-12-28', 'm', 'Hawaiian', 'N/A', 'Accountant', 52758, 'Whitman Ave', 'Rialto', 'CA', 91220, '311-733-2656');
INSERT INTO patients VALUES('420', 'George', 'Gonzalez', '672-80-2013', '1997-8-14', 'f', 'Asian', 'N/A', 'Soldier', 41155, 'Foothill Blvd', 'Fontana', 'CA', 92373, '9-850-2918');
INSERT INTO patients VALUES('421', 'Andrew', 'Matthais', '127-13-9677', '1985-2-5', 'm', 'African', 'N/A', 'Construction Worker', 14434, 'Redlands Blvd', 'San Bernardino', 'CA', 91117, '893-772-4866');
INSERT INTO patients VALUES('422', 'George', 'Liu', '517-51-8250', '1951-7-5', 'f', 'Middle Eastern', 'N/A', 'HR Professional', 68959, 'Heath Ave', 'Rialto', 'CA', 91117, '692-737-3566');
INSERT INTO patients VALUES('423', 'Jack', 'Goyal', '168-50-7274', '1983-7-20', 'f', 'Black', 'N/A', 'Driver', 28177, 'Redlands Blvd', 'Riverside', 'CA', 923733, '764-425-2354');
INSERT INTO patients VALUES('424', 'Joanna', 'Matthais', '336-28-2686', '1963-6-26', 'm', 'White', 'N/A', 'Teacher', 33669, 'Church St', 'Rancho Cucamonga', 'CA', 923733, '231-65-9412');
INSERT INTO patients VALUES('425', 'Wilma', 'Kumar', '313-4-8030', '1966-11-7', 'f', 'African', 'N/A', 'Pilot', 3473, 'Foothill Blvd', 'Rialto', 'CA', 92321, '909-240-3254');
INSERT INTO patients VALUES('426', 'Andrew', 'Theodore', '62-68-2460', '1945-3-27', 'f', 'Black', 'N/A', 'Software Engineer', 65945, 'San Benardino Ave', 'Riverside', 'CA', 92373, '199-267-1842');
INSERT INTO patients VALUES('427', 'George', 'Jenson', '247-45-358', '1959-3-17', 'f', 'Hispanic', 'N/A', 'Driver', 67543, 'Church St', 'Riverside', 'CA', 92373, '895-678-1570');
INSERT INTO patients VALUES('428', 'Wilma', 'Gonzalez', '702-18-5902', '2004-6-14', 'm', 'White', 'N/A', 'Accountant', 76238, 'Redlands Blvd', 'Rialto', 'CA', 923733, '12-335-2143');
INSERT INTO patients VALUES('429', 'Jack', 'Liu', '321-84-2206', '1982-7-6', 'f', 'White', 'N/A', 'Doctor', 85387, 'Main St', 'Redlands', 'CA', 91117, '78-731-8281');
INSERT INTO patients VALUES('430', 'Hailey', 'Turing', '662-34-4766', '1981-9-2', 'f', 'Hispanic', 'N/A', 'Construction Worker', 86504, 'San Benardino Ave', 'Redlands', 'CA', 92321, '368-101-7692');
INSERT INTO patients VALUES('431', 'Alice', 'Menon', '426-85-7988', '1950-1-5', 'm', 'Native', 'N/A', 'Software Engineer', 93791, '9th St', 'Beaumont', 'CA', 92373, '450-789-7370');
INSERT INTO patients VALUES('432', 'Robert', 'Goyal', '705-33-8405', '1977-11-13', 'm', 'Black', 'N/A', 'Accountant', 6542, 'Whitman Ave', 'Fontana', 'CA', 923733, '448-540-8169');
INSERT INTO patients VALUES('433', 'William', 'Major', '348-25-1324', '1966-8-14', 'f', 'European', 'N/A', 'Pilot', 76280, 'Cajon St', 'Redlands', 'CA', 92344, '792-264-6951');
INSERT INTO patients VALUES('434', 'George', 'Shah', '144-40-5521', '1967-5-14', 'f', 'White', 'N/A', 'HR Professional', 45430, 'Main St', 'Beaumont', 'CA', 91220, '68-745-1503');
INSERT INTO patients VALUES('435', 'James', 'Menon', '362-5-3504', '1962-6-12', 'f', 'Black', 'N/A', 'Construction Worker', 56740, 'Main St', 'Redlands', 'CA', 92344, '153-495-1289');
INSERT INTO patients VALUES('436', 'John', 'Goyal', '964-7-4291', '1992-12-12', 'm', 'African', 'N/A', 'Doctor', 76402, 'Whitman Ave', 'Fontana', 'CA', 91022, '607-823-9523');
INSERT INTO patients VALUES('437', 'Anna', 'Goyal', '641-15-9038', '1984-2-26', 'f', 'African', 'N/A', 'Software Engineer', 96349, '9th St', 'Loma Linda', 'CA', 92344, '91-986-9423');
INSERT INTO patients VALUES('438', 'Mary', 'Gonzalez', '467-57-6278', '1932-7-16', 'f', 'White', 'N/A', 'Pilot', 61945, 'Foothill Blvd', 'Redlands', 'CA', 91117, '255-402-2897');
INSERT INTO patients VALUES('439', 'Mary', 'Scott', '869-40-7078', '1990-10-10', 'm', 'Native', 'N/A', 'Teacher', 60556, 'Foothill Blvd', 'Colton', 'CA', 91220, '321-421-6128');
INSERT INTO patients VALUES('440', 'George', 'Lam', '383-47-5602', '2000-5-24', 'f', 'Middle Eastern', 'N/A', 'Doctor', 74323, '9th St', 'Redlands', 'CA', 92324, '916-370-5268');
INSERT INTO patients VALUES('441', 'Joanna', 'Gonzalez', '698-87-225', '1944-10-11', 'm', 'Middle Eastern', 'N/A', 'Software Engineer', 75992, 'Whitman Ave', 'Colton', 'CA', 91022, '428-810-7403');
INSERT INTO patients VALUES('442', 'George', 'Kumar', '822-87-833', '1938-2-28', 'm', 'Asian', 'N/A', 'Teacher', 14740, 'Redlands Blvd', 'Colton', 'CA', 92321, '456-507-5541');
INSERT INTO patients VALUES('443', 'John', 'White', '346-21-5033', '1997-7-6', 'f', 'Black', 'N/A', 'Software Engineer', 9499, 'Church St', 'Colton', 'CA', 92321, '186-750-6926');
INSERT INTO patients VALUES('444', 'Hailey', 'Liu', '378-3-3109', '1936-5-29', 'f', 'Black', 'N/A', 'Construction Worker', 45616, 'Main St', 'Riverside', 'CA', 92321, '192-583-6');
INSERT INTO patients VALUES('445', 'Anna', 'Jenson', '227-89-4072', '1983-3-13', 'f', 'Native', 'N/A', 'Accountant', 71806, 'Church St', 'Rialto', 'CA', 92324, '486-693-8571');
INSERT INTO patients VALUES('446', 'William', 'Goyal', '781-78-7977', '1976-6-30', 'm', 'Native', 'N/A', 'Pilot', 49877, 'Redlands Blvd', 'Colton', 'CA', 92321, '895-688-7138');
INSERT INTO patients VALUES('447', 'George', 'Matthais', '875-35-1666', '1951-5-2', 'm', 'African', 'N/A', 'Accountant', 91947, 'Cajon St', 'Fontana', 'CA', 92344, '3-455-672');
INSERT INTO patients VALUES('448', 'Nadine', 'Theodore', '2-53-8071', '1999-3-15', 'f', 'African', 'N/A', 'Pilot', 459, 'Main St', 'San Bernardino', 'CA', 92324, '908-618-8212');
INSERT INTO patients VALUES('449', 'Nadine', 'Lam', '229-12-4481', '2004-5-4', 'f', 'Hispanic', 'N/A', 'Teacher', 80166, 'Heath Ave', 'San Bernardino', 'CA', 91022, '161-211-568');
INSERT INTO patients VALUES('450', 'Mary', 'Gonzalez', '761-13-6803', '1981-1-28', 'f', 'Middle Eastern', 'N/A', 'Construction Worker', 35874, 'Redlands Blvd', 'San Bernardino', 'CA', 92321, '724-780-8658');
INSERT INTO patients VALUES('451', 'Anna', 'Menon', '446-34-5739', '1933-5-1', 'f', 'White', 'N/A', 'Pilot', 18089, 'Foothill Blvd', 'Riverside', 'CA', 91117, '35-980-4385');
INSERT INTO patients VALUES('452', 'Nadine', 'Jenson', '682-27-8757', '1982-7-12', 'f', 'White', 'N/A', 'Driver', 26704, 'Heath Ave', 'Beaumont', 'CA', 92373, '404-513-4832');
INSERT INTO patients VALUES('453', 'Andrew', 'Scott', '691-90-1293', '1971-7-2', 'm', 'European', 'N/A', 'Construction Worker', 95033, '9th St', 'Rancho Cucamonga', 'CA', 923733, '829-995-1307');
INSERT INTO patients VALUES('454', 'Nadine', 'Major', '410-91-3868', '1947-6-30', 'f', 'Native', 'N/A', 'Driver', 13267, 'Whitman Ave', 'San Bernardino', 'CA', 92373, '155-676-338');
INSERT INTO patients VALUES('455', 'Wilma', 'Scott', '737-32-6892', '1952-8-27', 'm', 'Middle Eastern', 'N/A', 'Soldier', 79574, 'Foothill Blvd', 'Redlands', 'CA', 91117, '408-43-6976');
INSERT INTO patients VALUES('456', 'George', 'Kumar', '933-30-2278', '1961-11-17', 'm', 'African', 'N/A', 'Construction Worker', 36054, '9th St', 'Riverside', 'CA', 91220, '266-554-7136');
INSERT INTO patients VALUES('457', 'Nadine', 'Menon', '164-71-5104', '1956-6-10', 'm', 'Black', 'N/A', 'Software Engineer', 38626, 'San Benardino Ave', 'San Bernardino', 'CA', 91022, '370-186-1771');
INSERT INTO patients VALUES('458', 'George', 'Kumar', '511-52-775', '1985-1-4', 'm', 'African', 'N/A', 'Soldier', 96895, 'Heath Ave', 'Rancho Cucamonga', 'CA', 91117, '273-381-865');
INSERT INTO patients VALUES('459', 'George', 'Menon', '466-24-9945', '1964-3-23', 'f', 'Hawaiian', 'N/A', 'Software Engineer', 38188, 'Cajon St', 'Redlands', 'CA', 91022, '840-239-8597');
INSERT INTO patients VALUES('460', 'William', 'Turing', '245-17-3877', '1986-4-16', 'm', 'Asian', 'N/A', 'Teacher', 56465, 'Whitman Ave', 'Loma Linda', 'CA', 92324, '132-568-1587');
INSERT INTO patients VALUES('461', 'Anna', 'Theodore', '608-83-8988', '1985-6-4', 'm', 'Hawaiian', 'N/A', 'Teacher', 32167, 'Main St', 'Fontana', 'CA', 92373, '566-644-843');
INSERT INTO patients VALUES('462', 'William', 'Lam', '880-69-5075', '1933-3-3', 'f', 'Native', 'N/A', 'Soldier', 71466, 'Cajon St', 'San Bernardino', 'CA', 92324, '9-212-3892');
INSERT INTO patients VALUES('463', 'Wilma', 'Kumar', '997-22-6168', '1973-10-3', 'm', 'White', 'N/A', 'Construction Worker', 49527, 'Foothill Blvd', 'Rialto', 'CA', 923733, '658-244-5561');
INSERT INTO patients VALUES('464', 'Joanna', 'Major', '181-88-2287', '1966-12-4', 'm', 'African', 'N/A', 'Teacher', 6765, 'Redlands Blvd', 'San Bernardino', 'CA', 923733, '873-593-8030');
INSERT INTO patients VALUES('465', 'Wilma', 'Shah', '574-22-1561', '1953-5-9', 'f', 'European', 'N/A', 'Accountant', 91468, 'Foothill Blvd', 'Riverside', 'CA', 91220, '28-563-1537');
INSERT INTO patients VALUES('466', 'Jack', 'Goyal', '55-17-4209', '1983-1-16', 'm', 'Asian', 'N/A', 'Pilot', 79243, 'Heath Ave', 'Fontana', 'CA', 91022, '244-652-6201');
INSERT INTO patients VALUES('467', 'James', 'Turing', '431-95-9600', '1974-11-11', 'm', 'Hispanic', 'N/A', 'Accountant', 45621, 'Cajon St', 'Loma Linda', 'CA', 92344, '390-561-4649');
INSERT INTO patients VALUES('468', 'John', 'Turing', '283-88-4305', '1999-3-26', 'f', 'Hispanic', 'N/A', 'Software Engineer', 95205, 'Church St', 'Loma Linda', 'CA', 92344, '768-390-2214');
INSERT INTO patients VALUES('469', 'Nadine', 'Matthais', '139-82-9162', '1952-9-28', 'm', 'Native', 'N/A', 'Software Engineer', 83318, 'Heath Ave', 'Rialto', 'CA', 923733, '287-240-3849');
INSERT INTO patients VALUES('470', 'Hilary', 'Watson', '684-72-2208', '1953-12-8', 'f', 'European', 'N/A', 'Doctor', 53979, 'Whitman Ave', 'Riverside', 'CA', 92324, '967-766-9429');
INSERT INTO patients VALUES('471', 'Hilary', 'Gonzalez', '90-90-5875', '1982-9-19', 'm', 'Hawaiian', 'N/A', 'Driver', 32713, 'Cajon St', 'Redlands', 'CA', 923733, '768-30-2432');
INSERT INTO patients VALUES('472', 'Alice', 'Theodore', '261-59-2009', '1951-12-28', 'm', 'Native', 'N/A', 'Pilot', 18304, 'Redlands Blvd', 'Rialto', 'CA', 92324, '347-984-7035');
INSERT INTO patients VALUES('473', 'William', 'Theodore', '507-29-9151', '1958-8-26', 'f', 'Black', 'N/A', 'Nurse', 88507, 'Foothill Blvd', 'Colton', 'CA', 92321, '908-172-750');
INSERT INTO patients VALUES('474', 'James', 'Theodore', '855-10-5729', '1938-12-10', 'f', 'Middle Eastern', 'N/A', 'Doctor', 86246, 'Church St', 'Loma Linda', 'CA', 92324, '306-329-9954');
INSERT INTO patients VALUES('475', 'James', 'Theodore', '910-5-6922', '1965-7-16', 'm', 'Middle Eastern', 'N/A', 'Software Engineer', 55071, 'Main St', 'Fontana', 'CA', 92344, '357-69-8976');
INSERT INTO patients VALUES('476', 'Jack', 'Turing', '277-97-9249', '1935-7-1', 'f', 'Hispanic', 'N/A', 'Accountant', 4777, 'Main St', 'Beaumont', 'CA', 92324, '663-627-7700');
INSERT INTO patients VALUES('477', 'Nadine', 'Gonzalez', '898-79-1033', '1996-3-17', 'm', 'Hispanic', 'N/A', 'Pilot', 68237, 'Cajon St', 'Redlands', 'CA', 92344, '473-65-3030');
INSERT INTO patients VALUES('478', 'Andrew', 'Turing', '644-58-6911', '2000-1-28', 'm', 'Hawaiian', 'N/A', 'Nurse', 41384, 'Redlands Blvd', 'Rancho Cucamonga', 'CA', 91220, '388-590-1501');
INSERT INTO patients VALUES('479', 'Mary', 'Major', '825-87-4253', '1940-8-2', 'f', 'Black', 'N/A', 'Software Engineer', 28242, '9th St', 'Fontana', 'CA', 92321, '222-367-2527');
INSERT INTO patients VALUES('480', 'John', 'Turing', '116-66-8358', '1993-2-26', 'f', 'Middle Eastern', 'N/A', 'Driver', 87486, 'Church St', 'Colton', 'CA', 91220, '413-427-4275');
INSERT INTO patients VALUES('481', 'James', 'Kumar', '652-15-212', '1986-9-28', 'm', 'African', 'N/A', 'Pilot', 17288, 'Redlands Blvd', 'Redlands', 'CA', 923733, '740-361-6466');
INSERT INTO patients VALUES('482', 'James', 'Matthais', '231-11-7034', '1987-4-13', 'm', 'Black', 'N/A', 'Pilot', 47441, 'Heath Ave', 'Rialto', 'CA', 91117, '629-908-2920');
INSERT INTO patients VALUES('483', 'George', 'Goyal', '17-77-5169', '1934-2-24', 'm', 'Native', 'N/A', 'Soldier', 1343, 'Whitman Ave', 'San Bernardino', 'CA', 92373, '27-497-5005');
INSERT INTO patients VALUES('484', 'George', 'White', '112-91-227', '1978-2-2', 'f', 'Hispanic', 'N/A', 'Teacher', 30423, 'Main St', 'Rialto', 'CA', 92321, '101-200-9122');
INSERT INTO patients VALUES('485', 'Hailey', 'Turing', '764-63-6931', '1950-3-28', 'm', 'African', 'N/A', 'Driver', 58621, 'Main St', 'Riverside', 'CA', 92324, '385-513-5480');
INSERT INTO patients VALUES('486', 'William', 'Liu', '738-71-4456', '1951-9-19', 'm', 'Asian', 'N/A', 'Accountant', 76888, 'Foothill Blvd', 'Rialto', 'CA', 91022, '147-159-8622');
INSERT INTO patients VALUES('487', 'Alice', 'Matthais', '800-35-800', '1949-9-20', 'f', 'African', 'N/A', 'HR Professional', 96127, 'Foothill Blvd', 'Redlands', 'CA', 92373, '510-615-3402');
INSERT INTO patients VALUES('488', 'Alice', 'Menon', '947-11-9223', '1959-1-23', 'm', 'Asian', 'N/A', 'Software Engineer', 59043, 'Heath Ave', 'Loma Linda', 'CA', 92344, '924-885-2241');
INSERT INTO patients VALUES('489', 'Jack', 'Kumar', '192-56-8304', '1993-7-26', 'm', 'Native', 'N/A', 'HR Professional', 20644, 'Main St', 'San Bernardino', 'CA', 92324, '20-222-8187');
INSERT INTO patients VALUES('490', 'James', 'Goyal', '453-19-8262', '1949-4-11', 'f', 'Middle Eastern', 'N/A', 'Accountant', 27911, 'San Benardino Ave', 'Rancho Cucamonga', 'CA', 923733, '925-923-3119');
INSERT INTO patients VALUES('491', 'George', 'Turing', '153-48-4940', '1959-3-9', 'm', 'European', 'N/A', 'Software Engineer', 60061, 'Heath Ave', 'Riverside', 'CA', 91117, '409-197-4439');
INSERT INTO patients VALUES('492', 'Jack', 'Major', '500-62-52', '1999-6-14', 'f', 'Middle Eastern', 'N/A', 'Driver', 36021, '9th St', 'Colton', 'CA', 92321, '302-906-2959');
INSERT INTO patients VALUES('493', 'Nadine', 'White', '271-71-8146', '1994-6-29', 'f', 'European', 'N/A', 'HR Professional', 60596, 'Redlands Blvd', 'Redlands', 'CA', 92373, '987-675-7256');
INSERT INTO patients VALUES('494', 'William', 'Turing', '340-26-4888', '1948-11-13', 'm', 'White', 'N/A', 'Nurse', 15842, 'Redlands Blvd', 'Rialto', 'CA', 91022, '470-843-2391');
INSERT INTO patients VALUES('495', 'Jack', 'Watson', '80-18-1384', '1990-3-9', 'f', 'European', 'N/A', 'Teacher', 94322, 'Foothill Blvd', 'Rancho Cucamonga', 'CA', 92324, '104-214-2609');
INSERT INTO patients VALUES('496', 'Joanna', 'Theodore', '324-40-7383', '1987-2-2', 'f', 'African', 'N/A', 'Doctor', 36929, 'Main St', 'Beaumont', 'CA', 92321, '504-12-5419');
INSERT INTO patients VALUES('497', 'Hilary', 'Shah', '256-71-9282', '1946-8-24', 'f', 'Hispanic', 'N/A', 'Software Engineer', 96891, 'San Benardino Ave', 'San Bernardino', 'CA', 923733, '93-806-6198');
INSERT INTO patients VALUES('498', 'Alice', 'Jenson', '600-20-8614', '1949-7-15', 'm', 'Native', 'N/A', 'Accountant', 22485, 'Heath Ave', 'San Bernardino', 'CA', 92373, '284-627-6479');
INSERT INTO patients VALUES('499', 'Hilary', 'Turing', '320-75-53', '1959-3-23', 'm', 'Middle Eastern', 'N/A', 'Nurse', 68756, 'Redlands Blvd', 'Redlands', 'CA', 92324, '666-411-885');
/* providers */
INSERT INTO providers VALUES('provider0000', 'Andrew', 'Kumar', '670-68-2900', '1940-7-7', 'm', 'Psychologist', 'B.S.', 'L0000', to_timestamp(424897401893/1000),'102');
INSERT INTO providers VALUES('provider0001', 'Jack', 'Watson', '32-11-5484', '1935-4-10', 'm', 'Psychologist', 'M.S.', 'L0001', to_timestamp(582663801893/1000),'OPD1');
INSERT INTO providers VALUES('provider0002', 'Wilma', 'Kumar', '841-53-950', '1946-9-30', 'f', 'Administrator', 'M.S.', 'L0002', to_timestamp(954101001893/1000),'103B');
INSERT INTO providers VALUES('provider0003', 'Nadine', 'Major', '278-63-1435', '1936-4-13', 'f', 'Dentist', 'M.S.', 'L0003', to_timestamp(-1058414198107/1000),'OT1');
INSERT INTO providers VALUES('provider0004', 'Alice', 'Theodore', '292-67-6727', '1969-4-20', 'f', 'Nurse', 'D.P.T.', 'L0004', to_timestamp(947707401893/1000),'202');
INSERT INTO providers VALUES('provider0005', 'Hailey', 'Major', '986-42-8445', '2001-6-28', 'm', 'Occupational Therapist', 'B.S.', 'L0005', to_timestamp(-1040702198107/1000),'102');
INSERT INTO providers VALUES('provider0006', 'Robert', 'Matthais', '429-66-8217', '1982-11-21', 'm', 'Psychologist', 'P.A.', 'L0006', to_timestamp(-577688198106/1000),'OPD2');
INSERT INTO providers VALUES('provider0007', 'Andrew', 'Watson', '83-31-9892', '1991-11-2', 'm', 'Psychologist', 'D.P.T.', 'L0007', to_timestamp(804971001894/1000),'OT2');
INSERT INTO providers VALUES('provider0008', 'Andrew', 'Goyal', '211-97-6469', '1971-12-22', 'm', 'Physiotherapist', 'M.S.', 'L0008', to_timestamp(625172601894/1000),'OPD2');
INSERT INTO providers VALUES('provider0009', 'William', 'Lam', '343-95-3916', '1967-3-10', 'm', 'Administrator', 'M.D.', 'L0009', to_timestamp(318888201894/1000),'102');
INSERT INTO providers VALUES('provider00010', 'James', 'Matthais', '723-22-4292', '1967-7-2', 'f', 'Occupational Therapist', 'B.S.', 'L00010', to_timestamp(749070201894/1000),'OT2');
INSERT INTO providers VALUES('provider00011', 'Joanna', 'Scott', '132-36-434', '1989-11-4', 'm', 'Administrator', 'M.D.', 'L00011', to_timestamp(-594705398106/1000),'102');
INSERT INTO providers VALUES('provider00012', 'John', 'Menon', '89-50-7902', '1998-3-15', 'm', 'Nurse', 'B.S.', 'L00012', to_timestamp(812228601894/1000),'103A');
INSERT INTO providers VALUES('provider00013', 'Nadine', 'Major', '693-48-4474', '1966-9-30', 'm', 'Nurse', 'M.S.', 'L00013', to_timestamp(-542001398106/1000),'103B');
INSERT INTO providers VALUES('provider00014', 'Mary', 'Kumar', '153-91-8376', '1955-6-26', 'm', 'Allergist', 'P.A.', 'L00014', to_timestamp(654980601894/1000),'OPD1');
INSERT INTO providers VALUES('provider00015', 'Hilary', 'Scott', '116-13-8035', '1999-1-3', 'f', 'Cardiologist', 'P.A.', 'L00015', to_timestamp(870116601894/1000),'202');
INSERT INTO providers VALUES('provider00016', 'Mary', 'Turing', '717-72-5771', '1938-9-14', 'f', 'Occupational Therapist', 'M.D.', 'L00016', to_timestamp(-579416198106/1000),'301A');
INSERT INTO providers VALUES('provider00017', 'James', 'Liu', '187-59-7012', '1934-6-23', 'f', 'Radiologist', 'D.D.S.', 'L00017', to_timestamp(-662615798106/1000),'202');
INSERT INTO providers VALUES('provider00018', 'John', 'Major', '663-18-7192', '1974-10-3', 'f', 'Allergist', 'M.D.', 'L00018', to_timestamp(1064257401894/1000),'OPD2');
INSERT INTO providers VALUES('provider00019', 'John', 'Jenson', '29-70-1875', '1984-4-29', 'm', 'Radiologist', 'D.P.T.', 'L00019', to_timestamp(527972601894/1000),'OT2');
INSERT INTO providers VALUES('provider00020', 'George', 'Liu', '737-0-2398', '2001-12-7', 'f', 'Dentist', 'M.S.', 'L00020', to_timestamp(-971754998106/1000),'302B');
INSERT INTO providers VALUES('provider00021', 'Joanna', 'Shah', '640-61-7713', '1946-1-10', 'f', 'Radiologist', 'P.A.', 'L00021', to_timestamp(673815801894/1000),'302B');
INSERT INTO providers VALUES('provider00022', 'William', 'White', '27-34-2644', '1939-1-25', 'm', 'Internist', 'P.A.', 'L00022', to_timestamp(-19025798106/1000),'302B');
INSERT INTO providers VALUES('provider00023', 'James', 'Kumar', '22-67-4943', '1978-10-2', 'm', 'Internist', 'B.S.', 'L00023', to_timestamp(1008619401894/1000),'301A');
INSERT INTO providers VALUES('provider00024', 'Hailey', 'Shah', '770-96-412', '1965-3-5', 'm', 'Physiotherapist', 'D.D.S.', 'L00024', to_timestamp(186523401894/1000),'OT2');
INSERT INTO providers VALUES('provider00025', 'James', 'Watson', '243-75-1129', '1965-9-11', 'f', 'Cardiologist', 'P.A.', 'L00025', to_timestamp(-795502598106/1000),'103B');
INSERT INTO providers VALUES('provider00026', 'Anna', 'Kumar', '478-58-9082', '1985-7-22', 'm', 'Internist', 'M.S.', 'L00026', to_timestamp(879883401894/1000),'103B');
INSERT INTO providers VALUES('provider00027', 'Robert', 'Matthais', '707-10-2787', '1961-12-23', 'm', 'Administrator', 'B.S.', 'L00027', to_timestamp(-110177798106/1000),'101');
INSERT INTO providers VALUES('provider00028', 'James', 'Theodore', '203-47-4286', '1949-9-5', 'f', 'Internist', 'P.A.', 'L00028', to_timestamp(-18507398105/1000),'101');
INSERT INTO providers VALUES('provider00029', 'Andrew', 'Major', '607-98-2421', '1971-7-25', 'm', 'Occupational Therapist', 'D.P.T.', 'L00029', to_timestamp(864414201896/1000),'103B');
INSERT INTO providers VALUES('provider00030', 'Alice', 'Matthais', '856-69-4421', '1935-1-18', 'f', 'Allergist', 'B.S.', 'L00030', to_timestamp(-807166598104/1000),'103B');
INSERT INTO providers VALUES('provider00031', 'Mary', 'Lam', '175-30-3860', '1986-9-1', 'f', 'Allergist', 'D.P.T.', 'L00031', to_timestamp(530478201896/1000),'302B');
INSERT INTO providers VALUES('provider00032', 'George', 'Goyal', '43-6-3970', '1994-3-9', 'm', 'Cardiologist', 'B.S.', 'L00032', to_timestamp(-737178998104/1000),'103A');
INSERT INTO providers VALUES('provider00033', 'Nadine', 'Goyal', '855-62-6928', '1953-8-29', 'm', 'Allergist', 'P.A.', 'L00033', to_timestamp(-277098998104/1000),'OPD1');
INSERT INTO providers VALUES('provider00034', 'Nadine', 'Jenson', '654-2-1781', '1961-12-20', 'f', 'Dentist', 'M.S.', 'L00034', to_timestamp(-853304198104/1000),'302B');
INSERT INTO providers VALUES('provider00035', 'Wilma', 'Kumar', '209-72-1395', '1972-11-29', 'f', 'Nurse', 'D.D.S.', 'L00035', to_timestamp(273524601896/1000),'OPD2');
INSERT INTO providers VALUES('provider00036', 'Nadine', 'Matthais', '551-70-2059', '1939-8-21', 'f', 'Administrator', 'M.D.', 'L00036', to_timestamp(-338097398104/1000),'202');
INSERT INTO providers VALUES('provider00037', 'James', 'Matthais', '718-13-8032', '1938-5-10', 'f', 'Psychologist', 'M.S.', 'L00037', to_timestamp(973886601896/1000),'OT2');
INSERT INTO providers VALUES('provider00038', 'Hailey', 'Jenson', '594-90-2337', '1993-10-18', 'm', 'Allergist', 'M.D.', 'L00038', to_timestamp(-645594998104/1000),'OPD1');
INSERT INTO providers VALUES('provider00039', 'Mary', 'Shah', '513-47-178', '1962-5-18', 'm', 'Nurse', 'D.P.T.', 'L00039', to_timestamp(-895982198104/1000),'202');
INSERT INTO providers VALUES('provider00040', 'Joanna', 'Goyal', '227-46-4503', '1946-6-16', 'f', 'Occupational Therapist', 'D.D.S.', 'L00040', to_timestamp(729115401896/1000),'101');
INSERT INTO providers VALUES('provider00041', 'Joanna', 'Major', '883-34-7933', '1977-11-13', 'm', 'Radiologist', 'D.P.T.', 'L00041', to_timestamp(-494398598104/1000),'103A');
INSERT INTO providers VALUES('provider00042', 'Joanna', 'Lam', '387-57-1220', '2000-11-27', 'm', 'Internist', 'D.D.S.', 'L00042', to_timestamp(-1077854198104/1000),'OPD2');
INSERT INTO providers VALUES('provider00043', 'Robert', 'Scott', '432-55-9616', '1960-10-24', 'm', 'Nurse', 'M.D.', 'L00043', to_timestamp(114116601896/1000),'103A');
INSERT INTO providers VALUES('provider00044', 'Joanna', 'Scott', '51-60-7883', '1983-3-10', 'f', 'Nurse', 'B.S.', 'L00044', to_timestamp(-875768198104/1000),'202');
INSERT INTO providers VALUES('provider00045', 'Joanna', 'Gonzalez', '255-28-7825', '1970-8-14', 'm', 'Physiotherapist', 'B.S.', 'L00045', to_timestamp(159566601896/1000),'101');
INSERT INTO providers VALUES('provider00046', 'Mary', 'Goyal', '538-98-2601', '1949-4-23', 'm', 'Cardiologist', 'P.A.', 'L00046', to_timestamp(-722490998104/1000),'102');
INSERT INTO providers VALUES('provider00047', 'Nadine', 'Watson', '129-18-1866', '1950-7-12', 'f', 'Radiologist', 'P.A.', 'L00047', to_timestamp(-400996598104/1000),'302B');
INSERT INTO providers VALUES('provider00048', 'Anna', 'Liu', '432-31-2225', '1996-1-8', 'm', 'Dentist', 'D.D.S.', 'L00048', to_timestamp(113166201897/1000),'302B');
INSERT INTO providers VALUES('provider00049', 'Jack', 'Turing', '776-20-9974', '1942-6-8', 'm', 'Psychologist', 'D.P.T.', 'L00049', to_timestamp(-995860598103/1000),'203');
INSERT INTO providers VALUES('provider00050', 'Andrew', 'Theodore', '935-84-710', '1951-2-25', 'f', 'Physiotherapist', 'B.S.', 'L00050', to_timestamp(835729401897/1000),'203');
INSERT INTO providers VALUES('provider00051', 'Wilma', 'Jenson', '551-73-7401', '1943-8-19', 'f', 'Psychologist', 'D.P.T.', 'L00051', to_timestamp(-144996998103/1000),'101');
INSERT INTO providers VALUES('provider00052', 'Alice', 'Gonzalez', '127-39-9802', '1941-9-2', 'm', 'Allergist', 'M.S.', 'L00052', to_timestamp(-618555398103/1000),'101');
INSERT INTO providers VALUES('provider00053', 'Robert', 'Matthais', '322-63-2879', '2003-9-30', 'm', 'Internist', 'M.D.', 'L00053', to_timestamp(596491401897/1000),'202');
INSERT INTO providers VALUES('provider00054', 'William', 'Lam', '302-35-925', '1966-10-19', 'm', 'Cardiologist', 'B.S.', 'L00054', to_timestamp(-279345398103/1000),'302B');
INSERT INTO providers VALUES('provider00055', 'John', 'Goyal', '393-1-7937', '1968-5-9', 'f', 'Radiologist', 'D.P.T.', 'L00055', to_timestamp(462222201897/1000),'101');
INSERT INTO providers VALUES('provider00056', 'John', 'Scott', '895-82-8714', '1986-3-13', 'm', 'Allergist', 'M.D.', 'L00056', to_timestamp(-260250998103/1000),'103B');
INSERT INTO providers VALUES('provider00057', 'Andrew', 'Major', '144-70-3863', '1930-10-4', 'f', 'Radiologist', 'D.P.T.', 'L00057', to_timestamp(-759383798103/1000),'OPD2');
INSERT INTO providers VALUES('provider00058', 'Andrew', 'Jenson', '304-88-5557', '1936-9-6', 'f', 'Psychologist', 'M.D.', 'L00058', to_timestamp(891201801897/1000),'OT2');
INSERT INTO providers VALUES('provider00059', 'Alice', 'Jenson', '605-52-5078', '1959-8-5', 'f', 'Cardiologist', 'M.D.', 'L00059', to_timestamp(-860216198103/1000),'OT1');
INSERT INTO providers VALUES('provider00060', 'Mary', 'Menon', '230-16-5532', '1989-10-5', 'm', 'Radiologist', 'P.A.', 'L00060', to_timestamp(-1112068598103/1000),'OPD2');
INSERT INTO providers VALUES('provider00061', 'Jack', 'Scott', '809-41-4593', '1959-3-2', 'f', 'Dentist', 'D.P.T.', 'L00061', to_timestamp(1090091001897/1000),'OT2');
INSERT INTO providers VALUES('provider00062', 'George', 'Major', '728-53-7682', '1941-3-11', 'm', 'Psychologist', 'D.P.T.', 'L00062', to_timestamp(741380601897/1000),'301A');
INSERT INTO providers VALUES('provider00063', 'John', 'Scott', '620-53-5663', '1977-7-28', 'f', 'Dentist', 'P.A.', 'L00063', to_timestamp(191448201898/1000),'OT1');
INSERT INTO providers VALUES('provider00064', 'William', 'Watson', '130-48-9221', '1937-7-16', 'm', 'Cardiologist', 'D.D.S.', 'L00064', to_timestamp(452977401898/1000),'301A');
INSERT INTO providers VALUES('provider00065', 'William', 'White', '281-61-4804', '1973-8-26', 'm', 'Psychologist', 'M.S.', 'L00065', to_timestamp(-330497798102/1000),'OT1');
INSERT INTO providers VALUES('provider00066', 'Anna', 'Kumar', '657-66-9060', '2002-9-4', 'f', 'Occupational Therapist', 'D.P.T.', 'L00066', to_timestamp(-230792198102/1000),'OT1');
INSERT INTO providers VALUES('provider00067', 'Robert', 'Matthais', '443-85-9020', '1986-11-7', 'f', 'Nurse', 'D.D.S.', 'L00067', to_timestamp(1011470601898/1000),'302B');
INSERT INTO providers VALUES('provider00068', 'Jack', 'Jenson', '277-19-767', '2001-11-13', 'm', 'Allergist', 'M.D.', 'L00068', to_timestamp(607464201898/1000),'OT1');
INSERT INTO providers VALUES('provider00069', 'Jack', 'Liu', '511-82-5358', '1985-7-25', 'm', 'Allergist', 'M.D.', 'L00069', to_timestamp(-898401398102/1000),'301A');
INSERT INTO providers VALUES('provider00070', 'Andrew', 'Theodore', '969-41-5636', '1959-8-3', 'f', 'Cardiologist', 'M.D.', 'L00070', to_timestamp(814388601898/1000),'OPD2');
INSERT INTO providers VALUES('provider00071', 'Wilma', 'Liu', '769-84-1555', '1950-4-8', 'm', 'Cardiologist', 'D.D.S.', 'L00071', to_timestamp(-290058998102/1000),'301A');
INSERT INTO providers VALUES('provider00072', 'George', 'Menon', '598-24-2698', '1941-11-9', 'f', 'Allergist', 'B.S.', 'L00072', to_timestamp(-1045367798102/1000),'101');
INSERT INTO providers VALUES('provider00073', 'Joanna', 'Turing', '343-34-8907', '1982-3-2', 'm', 'Cardiologist', 'M.D.', 'L00073', to_timestamp(1061579001898/1000),'302B');
INSERT INTO providers VALUES('provider00074', 'Hailey', 'Kumar', '33-94-8918', '1963-12-19', 'm', 'Physiotherapist', 'M.S.', 'L00074', to_timestamp(-306734198102/1000),'103A');
INSERT INTO providers VALUES('provider00075', 'Anna', 'Shah', '261-81-5535', '1947-1-18', 'm', 'Allergist', 'B.S.', 'L00075', to_timestamp(316901001898/1000),'101');
INSERT INTO providers VALUES('provider00076', 'Anna', 'Goyal', '170-59-295', '1975-12-15', 'f', 'Cardiologist', 'D.P.T.', 'L00076', to_timestamp(195422601898/1000),'OPD1');
INSERT INTO providers VALUES('provider00077', 'Alice', 'Liu', '310-65-228', '1945-5-10', 'm', 'Cardiologist', 'P.A.', 'L00077', to_timestamp(-210660998102/1000),'103A');
INSERT INTO providers VALUES('provider00078', 'Hilary', 'Watson', '822-28-5430', '1939-6-8', 'm', 'Dentist', 'D.P.T.', 'L00078', to_timestamp(473371401898/1000),'203');
INSERT INTO providers VALUES('provider00079', 'Mary', 'Shah', '338-51-9002', '1975-4-21', 'm', 'Administrator', 'M.S.', 'L00079', to_timestamp(-358750598102/1000),'102');
INSERT INTO providers VALUES('provider00080', 'Joanna', 'Menon', '180-57-9772', '1948-9-20', 'f', 'Occupational Therapist', 'M.D.', 'L00080', to_timestamp(126475401899/1000),'202');
INSERT INTO providers VALUES('provider00081', 'Mary', 'Goyal', '476-95-1170', '1968-1-21', 'm', 'Physiotherapist', 'D.P.T.', 'L00081', to_timestamp(-898574198101/1000),'203');
INSERT INTO providers VALUES('provider00082', 'Anna', 'Kumar', '383-76-3946', '1976-2-13', 'm', 'Physiotherapist', 'M.D.', 'L00082', to_timestamp(-1208490998101/1000),'OT1');
INSERT INTO providers VALUES('provider00083', 'Jack', 'Scott', '760-24-5301', '1981-7-27', 'f', 'Nurse', 'D.D.S.', 'L00083', to_timestamp(987015801899/1000),'102');
INSERT INTO providers VALUES('provider00084', 'John', 'Shah', '648-35-4907', '1979-5-16', 'm', 'Radiologist', 'D.D.S.', 'L00084', to_timestamp(13547001899/1000),'OT2');
INSERT INTO providers VALUES('provider00085', 'George', 'Shah', '66-78-2631', '1974-1-9', 'f', 'Internist', 'M.S.', 'L00085', to_timestamp(-737697398101/1000),'OPD1');
INSERT INTO providers VALUES('provider00086', 'Robert', 'Turing', '517-43-8480', '1973-5-9', 'f', 'Radiologist', 'M.D.', 'L00086', to_timestamp(697665801899/1000),'302B');
INSERT INTO providers VALUES('provider00087', 'Mary', 'Matthais', '759-66-324', '2004-6-16', 'm', 'Psychologist', 'D.D.S.', 'L00087', to_timestamp(465937401899/1000),'102');
INSERT INTO providers VALUES('provider00088', 'Hilary', 'Scott', '656-70-8316', '1998-5-24', 'f', 'Physiotherapist', 'P.A.', 'L00088', to_timestamp(971031801899/1000),'102');
INSERT INTO providers VALUES('provider00089', 'Robert', 'Lam', '146-35-1049', '1988-3-26', 'f', 'Nurse', 'D.P.T.', 'L00089', to_timestamp(-83739398101/1000),'202');
INSERT INTO providers VALUES('provider00090', 'Jack', 'Watson', '711-11-960', '1970-7-13', 'f', 'Occupational Therapist', 'M.S.', 'L00090', to_timestamp(595022601899/1000),'202');
INSERT INTO providers VALUES('provider00091', 'Andrew', 'Liu', '576-38-2346', '1947-9-11', 'f', 'Psychologist', 'D.D.S.', 'L00091', to_timestamp(-94535798101/1000),'OT2');
INSERT INTO providers VALUES('provider00092', 'Hailey', 'Liu', '958-85-2050', '1979-2-28', 'f', 'Administrator', 'M.D.', 'L00092', to_timestamp(-446183798101/1000),'302B');
INSERT INTO providers VALUES('provider00093', 'Hilary', 'Turing', '128-1-5782', '1997-7-7', 'f', 'Internist', 'P.A.', 'L00093', to_timestamp(1060628601899/1000),'202');
INSERT INTO providers VALUES('provider00094', 'George', 'Theodore', '515-37-2936', '1965-2-16', 'm', 'Allergist', 'D.D.S.', 'L00094', to_timestamp(226613001899/1000),'OT2');
INSERT INTO providers VALUES('provider00095', 'Hailey', 'Scott', '394-81-8022', '1980-3-20', 'm', 'Nurse', 'P.A.', 'L00095', to_timestamp(-1112759798100/1000),'OPD1');
INSERT INTO providers VALUES('provider00096', 'Jack', 'Menon', '881-23-6624', '2004-4-3', 'f', 'Occupational Therapist', 'M.D.', 'L00096', to_timestamp(-209105798100/1000),'103B');
INSERT INTO providers VALUES('provider00097', 'Jack', 'Major', '574-65-1099', '1980-9-2', 'f', 'Radiologist', 'M.D.', 'L00097', to_timestamp(-651297398100/1000),'OPD1');
INSERT INTO providers VALUES('provider00098', 'Anna', 'Major', '853-19-223', '1963-12-23', 'f', 'Physiotherapist', 'M.D.', 'L00098', to_timestamp(734209401900/1000),'OPD1');
INSERT INTO providers VALUES('provider00099', 'Robert', 'Goyal', '13-28-5605', '1966-8-18', 'm', 'Radiologist', 'D.P.T.', 'L00099', to_timestamp(-289540598100/1000),'OT1');
INSERT INTO providers VALUES('admin', 'Admin', 'Admin', '13-28-5605', '1966-8-18', 'm', 'Administrator', 'D.P.T.', 'L00099', to_timestamp(-289540598100/1000),'OT1');
/* appointments */
INSERT INTO appointments VALUES ('0', to_timestamp(1550952201901/1000), 'OT1', 'provider00091');
INSERT INTO appointments VALUES ('1', to_timestamp(1550952201901/1000), '202', 'provider0006');
INSERT INTO appointments VALUES ('2', to_timestamp(1550952201901/1000), '103A', 'provider00023');
INSERT INTO appointments VALUES ('3', to_timestamp(1550952201901/1000), '101', 'provider00068');
INSERT INTO appointments VALUES ('4', to_timestamp(1550952201901/1000), '101', 'provider00013');
INSERT INTO appointments VALUES ('5', to_timestamp(1550952201901/1000), '102', 'provider00099');
INSERT INTO appointments VALUES ('6', to_timestamp(1550952201901/1000), 'OT1', 'provider00056');
INSERT INTO appointments VALUES ('7', to_timestamp(1550952201901/1000), '101', 'provider00012');
INSERT INTO appointments VALUES ('8', to_timestamp(1550952201901/1000), 'OT2', 'provider0007');
INSERT INTO appointments VALUES ('9', to_timestamp(1550952201901/1000), '101', 'provider00022');
INSERT INTO appointments VALUES ('10', to_timestamp(1550952201901/1000), '101', 'provider00096');
INSERT INTO appointments VALUES ('11', to_timestamp(1550952201901/1000), '202', 'provider0002');
INSERT INTO appointments VALUES ('12', to_timestamp(1550952201901/1000), 'OT2', 'provider00036');
INSERT INTO appointments VALUES ('13', to_timestamp(1550952201901/1000), '302B', 'provider00034');
INSERT INTO appointments VALUES ('14', to_timestamp(1550952201901/1000), '102', 'provider0000');
INSERT INTO appointments VALUES ('15', to_timestamp(1550952201901/1000), 'OT2', 'provider00053');
INSERT INTO appointments VALUES ('16', to_timestamp(1550952201901/1000), '302B', 'provider00050');
INSERT INTO appointments VALUES ('17', to_timestamp(1550952201901/1000), 'OT2', 'provider00070');
INSERT INTO appointments VALUES ('18', to_timestamp(1550952201901/1000), 'OT1', 'provider00055');
INSERT INTO appointments VALUES ('19', to_timestamp(1550952201901/1000), '101', 'provider00036');
INSERT INTO appointments VALUES ('20', to_timestamp(1550952201901/1000), '302B', 'provider00079');
INSERT INTO appointments VALUES ('21', to_timestamp(1550952201901/1000), 'OT2', 'provider00066');
INSERT INTO appointments VALUES ('22', to_timestamp(1550952201901/1000), 'OPD2', 'provider00093');
INSERT INTO appointments VALUES ('23', to_timestamp(1550952201901/1000), '202', 'provider00073');
INSERT INTO appointments VALUES ('24', to_timestamp(1550952201901/1000), '202', 'provider00054');
INSERT INTO appointments VALUES ('25', to_timestamp(1550952201901/1000), 'OT1', 'provider00019');
INSERT INTO appointments VALUES ('26', to_timestamp(1550952201901/1000), 'OT2', 'provider00029');
INSERT INTO appointments VALUES ('27', to_timestamp(1550952201901/1000), 'OT2', 'provider0008');
INSERT INTO appointments VALUES ('28', to_timestamp(1550952201902/1000), 'OT2', 'provider00077');
INSERT INTO appointments VALUES ('29', to_timestamp(1550952201902/1000), '203', 'provider00039');
INSERT INTO appointments VALUES ('30', to_timestamp(1550952201902/1000), '202', 'provider0004');
INSERT INTO appointments VALUES ('31', to_timestamp(1550952201902/1000), '103B', 'provider00089');
INSERT INTO appointments VALUES ('32', to_timestamp(1550952201902/1000), '103A', 'provider00067');
INSERT INTO appointments VALUES ('33', to_timestamp(1550952201902/1000), 'OT1', 'provider00049');
INSERT INTO appointments VALUES ('34', to_timestamp(1550952201902/1000), '202', 'provider00057');
INSERT INTO appointments VALUES ('35', to_timestamp(1550952201902/1000), '103B', 'provider00081');
INSERT INTO appointments VALUES ('36', to_timestamp(1550952201902/1000), 'OPD2', 'provider00057');
INSERT INTO appointments VALUES ('37', to_timestamp(1550952201902/1000), '301A', 'provider00029');
INSERT INTO appointments VALUES ('38', to_timestamp(1550952201902/1000), 'OT2', 'provider00013');
INSERT INTO appointments VALUES ('39', to_timestamp(1550952201902/1000), '102', 'provider00083');
INSERT INTO appointments VALUES ('40', to_timestamp(1550952201902/1000), 'OPD2', 'provider00053');
INSERT INTO appointments VALUES ('41', to_timestamp(1550952201902/1000), 'OT2', 'provider00059');
INSERT INTO appointments VALUES ('42', to_timestamp(1550952201903/1000), 'OT1', 'provider00084');
INSERT INTO appointments VALUES ('43', to_timestamp(1550952201903/1000), '202', 'provider00050');
INSERT INTO appointments VALUES ('44', to_timestamp(1550952201903/1000), '101', 'provider00099');
INSERT INTO appointments VALUES ('45', to_timestamp(1550952201903/1000), '102', 'provider00059');
INSERT INTO appointments VALUES ('46', to_timestamp(1550952201903/1000), '202', 'provider0005');
INSERT INTO appointments VALUES ('47', to_timestamp(1550952201903/1000), '301A', 'provider00020');
INSERT INTO appointments VALUES ('48', to_timestamp(1550952201903/1000), '302B', 'provider00055');
INSERT INTO appointments VALUES ('49', to_timestamp(1550952201903/1000), '102', 'provider00074');
INSERT INTO appointments VALUES ('50', to_timestamp(1550952201903/1000), '203', 'provider0000');
INSERT INTO appointments VALUES ('51', to_timestamp(1550952201903/1000), '301A', 'provider00014');
INSERT INTO appointments VALUES ('52', to_timestamp(1550952201903/1000), '103A', 'provider0006');
INSERT INTO appointments VALUES ('53', to_timestamp(1550952201903/1000), '102', 'provider00094');
INSERT INTO appointments VALUES ('54', to_timestamp(1550952201903/1000), '301A', 'provider00059');
INSERT INTO appointments VALUES ('55', to_timestamp(1550952201903/1000), '302B', 'provider00092');
INSERT INTO appointments VALUES ('56', to_timestamp(1550952201903/1000), 'OT2', 'provider00089');
INSERT INTO appointments VALUES ('57', to_timestamp(1550952201903/1000), 'OPD1', 'provider00039');
INSERT INTO appointments VALUES ('58', to_timestamp(1550952201903/1000), '301A', 'provider0002');
INSERT INTO appointments VALUES ('59', to_timestamp(1550952201903/1000), '103B', 'provider00093');
INSERT INTO appointments VALUES ('60', to_timestamp(1550952201903/1000), '103B', 'provider00027');
INSERT INTO appointments VALUES ('61', to_timestamp(1550952201903/1000), 'OPD1', 'provider00039');
INSERT INTO appointments VALUES ('62', to_timestamp(1550952201903/1000), '203', 'provider00060');
INSERT INTO appointments VALUES ('63', to_timestamp(1550952201903/1000), 'OPD1', 'provider00022');
INSERT INTO appointments VALUES ('64', to_timestamp(1550952201903/1000), '301A', 'provider0007');
INSERT INTO appointments VALUES ('65', to_timestamp(1550952201903/1000), '302B', 'provider00019');
INSERT INTO appointments VALUES ('66', to_timestamp(1550952201903/1000), '203', 'provider00069');
INSERT INTO appointments VALUES ('67', to_timestamp(1550952201903/1000), '103A', 'provider0001');
INSERT INTO appointments VALUES ('68', to_timestamp(1550952201903/1000), '302B', 'provider00097');
INSERT INTO appointments VALUES ('69', to_timestamp(1550952201903/1000), '101', 'provider00022');
INSERT INTO appointments VALUES ('70', to_timestamp(1550952201903/1000), '202', 'provider00055');
INSERT INTO appointments VALUES ('71', to_timestamp(1550952201903/1000), 'OT1', 'provider00011');
INSERT INTO appointments VALUES ('72', to_timestamp(1550952201903/1000), '102', 'provider0008');
INSERT INTO appointments VALUES ('73', to_timestamp(1550952201903/1000), 'OPD1', 'provider0002');
INSERT INTO appointments VALUES ('74', to_timestamp(1550952201903/1000), '103B', 'provider00026');
INSERT INTO appointments VALUES ('75', to_timestamp(1550952201903/1000), '101', 'provider00067');
INSERT INTO appointments VALUES ('76', to_timestamp(1550952201903/1000), 'OT1', 'provider00064');
INSERT INTO appointments VALUES ('77', to_timestamp(1550952201903/1000), '203', 'provider00081');
INSERT INTO appointments VALUES ('78', to_timestamp(1550952201903/1000), '102', 'provider00029');
INSERT INTO appointments VALUES ('79', to_timestamp(1550952201903/1000), '102', 'provider0000');
INSERT INTO appointments VALUES ('80', to_timestamp(1550952201903/1000), 'OT2', 'provider00065');
INSERT INTO appointments VALUES ('81', to_timestamp(1550952201903/1000), '101', 'provider00087');
INSERT INTO appointments VALUES ('82', to_timestamp(1550952201904/1000), 'OPD1', 'provider00061');
INSERT INTO appointments VALUES ('83', to_timestamp(1550952201904/1000), '203', 'provider00021');
INSERT INTO appointments VALUES ('84', to_timestamp(1550952201904/1000), 'OT1', 'provider00088');
INSERT INTO appointments VALUES ('85', to_timestamp(1550952201904/1000), '101', 'provider00025');
INSERT INTO appointments VALUES ('86', to_timestamp(1550952201904/1000), '103A', 'provider00079');
INSERT INTO appointments VALUES ('87', to_timestamp(1550952201904/1000), '301A', 'provider00017');
INSERT INTO appointments VALUES ('88', to_timestamp(1550952201904/1000), '103B', 'provider00084');
INSERT INTO appointments VALUES ('89', to_timestamp(1550952201905/1000), 'OPD1', 'provider00071');
INSERT INTO appointments VALUES ('90', to_timestamp(1550952201905/1000), '202', 'provider00087');
INSERT INTO appointments VALUES ('91', to_timestamp(1550952201905/1000), '302B', 'provider00039');
INSERT INTO appointments VALUES ('92', to_timestamp(1550952201905/1000), '302B', 'provider00041');
INSERT INTO appointments VALUES ('93', to_timestamp(1550952201905/1000), 'OPD2', 'provider00011');
INSERT INTO appointments VALUES ('94', to_timestamp(1550952201905/1000), '103A', 'provider0007');
INSERT INTO appointments VALUES ('95', to_timestamp(1550952201905/1000), 'OPD2', 'provider00047');
INSERT INTO appointments VALUES ('96', to_timestamp(1550952201905/1000), '302B', 'provider00086');
INSERT INTO appointments VALUES ('97', to_timestamp(1550952201905/1000), '203', 'provider00012');
INSERT INTO appointments VALUES ('98', to_timestamp(1550952201905/1000), 'OPD2', 'provider00017');
INSERT INTO appointments VALUES ('99', to_timestamp(1550952201905/1000), '203', 'provider00011');
INSERT INTO appointments VALUES ('100', to_timestamp(1550952201905/1000), '203', 'provider00040');
INSERT INTO appointments VALUES ('101', to_timestamp(1550952201906/1000), 'OPD2', 'provider00091');
INSERT INTO appointments VALUES ('102', to_timestamp(1550952201906/1000), 'OT2', 'provider00047');
INSERT INTO appointments VALUES ('103', to_timestamp(1550952201906/1000), '302B', 'provider00022');
INSERT INTO appointments VALUES ('104', to_timestamp(1550952201906/1000), '102', 'provider0005');
INSERT INTO appointments VALUES ('105', to_timestamp(1550952201906/1000), '103B', 'provider00029');
INSERT INTO appointments VALUES ('106', to_timestamp(1550952201906/1000), '103B', 'provider00033');
INSERT INTO appointments VALUES ('107', to_timestamp(1550952201906/1000), '202', 'provider00017');
INSERT INTO appointments VALUES ('108', to_timestamp(1550952201906/1000), '203', 'provider00050');
INSERT INTO appointments VALUES ('109', to_timestamp(1550952201906/1000), 'OPD1', 'provider00014');
INSERT INTO appointments VALUES ('110', to_timestamp(1550952201906/1000), '102', 'provider00048');
INSERT INTO appointments VALUES ('111', to_timestamp(1550952201906/1000), '101', 'provider00039');
INSERT INTO appointments VALUES ('112', to_timestamp(1550952201906/1000), 'OPD2', 'provider0007');
INSERT INTO appointments VALUES ('113', to_timestamp(1550952201906/1000), '103A', 'provider00086');
INSERT INTO appointments VALUES ('114', to_timestamp(1550952201906/1000), 'OPD2', 'provider00047');
INSERT INTO appointments VALUES ('115', to_timestamp(1550952201906/1000), 'OPD1', 'provider00052');
INSERT INTO appointments VALUES ('116', to_timestamp(1550952201906/1000), '101', 'provider00090');
INSERT INTO appointments VALUES ('117', to_timestamp(1550952201906/1000), '103A', 'provider00019');
INSERT INTO appointments VALUES ('118', to_timestamp(1550952201906/1000), '203', 'provider00023');
INSERT INTO appointments VALUES ('119', to_timestamp(1550952201906/1000), '102', 'provider00082');
INSERT INTO appointments VALUES ('120', to_timestamp(1550952201906/1000), '101', 'provider0009');
INSERT INTO appointments VALUES ('121', to_timestamp(1550952201906/1000), '302B', 'provider00018');
INSERT INTO appointments VALUES ('122', to_timestamp(1550952201906/1000), '301A', 'provider00035');
INSERT INTO appointments VALUES ('123', to_timestamp(1550952201906/1000), '302B', 'provider00089');
INSERT INTO appointments VALUES ('124', to_timestamp(1550952201906/1000), '203', 'provider00091');
INSERT INTO appointments VALUES ('125', to_timestamp(1550952201906/1000), 'OPD1', 'provider00042');
INSERT INTO appointments VALUES ('126', to_timestamp(1550952201906/1000), '103A', 'provider00062');
INSERT INTO appointments VALUES ('127', to_timestamp(1550952201906/1000), 'OT2', 'provider00039');
INSERT INTO appointments VALUES ('128', to_timestamp(1550952201906/1000), '301A', 'provider00018');
INSERT INTO appointments VALUES ('129', to_timestamp(1550952201906/1000), '103A', 'provider00028');
INSERT INTO appointments VALUES ('130', to_timestamp(1550952201906/1000), '101', 'provider00026');
INSERT INTO appointments VALUES ('131', to_timestamp(1550952201906/1000), '101', 'provider00022');
INSERT INTO appointments VALUES ('132', to_timestamp(1550952201906/1000), '102', 'provider00032');
INSERT INTO appointments VALUES ('133', to_timestamp(1550952201906/1000), '101', 'provider0008');
INSERT INTO appointments VALUES ('134', to_timestamp(1550952201906/1000), '301A', 'provider00034');
INSERT INTO appointments VALUES ('135', to_timestamp(1550952201906/1000), '203', 'provider00062');
INSERT INTO appointments VALUES ('136', to_timestamp(1550952201906/1000), '302B', 'provider00010');
INSERT INTO appointments VALUES ('137', to_timestamp(1550952201906/1000), '101', 'provider00051');
INSERT INTO appointments VALUES ('138', to_timestamp(1550952201906/1000), 'OPD2', 'provider00091');
INSERT INTO appointments VALUES ('139', to_timestamp(1550952201906/1000), 'OPD1', 'provider00031');
INSERT INTO appointments VALUES ('140', to_timestamp(1550952201907/1000), 'OT1', 'provider00043');
INSERT INTO appointments VALUES ('141', to_timestamp(1550952201907/1000), '101', 'provider00046');
INSERT INTO appointments VALUES ('142', to_timestamp(1550952201907/1000), '203', 'provider0006');
INSERT INTO appointments VALUES ('143', to_timestamp(1550952201907/1000), '202', 'provider00052');
INSERT INTO appointments VALUES ('144', to_timestamp(1550952201907/1000), 'OPD2', 'provider00021');
INSERT INTO appointments VALUES ('145', to_timestamp(1550952201907/1000), 'OT1', 'provider00071');
INSERT INTO appointments VALUES ('146', to_timestamp(1550952201907/1000), 'OT1', 'provider00019');
INSERT INTO appointments VALUES ('147', to_timestamp(1550952201907/1000), 'OPD1', 'provider00089');
INSERT INTO appointments VALUES ('148', to_timestamp(1550952201907/1000), '103A', 'provider00095');
INSERT INTO appointments VALUES ('149', to_timestamp(1550952201907/1000), '301A', 'provider00020');
INSERT INTO appointments VALUES ('150', to_timestamp(1550952201907/1000), 'OT2', 'provider00044');
INSERT INTO appointments VALUES ('151', to_timestamp(1550952201907/1000), '102', 'provider00010');
INSERT INTO appointments VALUES ('152', to_timestamp(1550952201907/1000), '302B', 'provider00085');
INSERT INTO appointments VALUES ('153', to_timestamp(1550952201907/1000), '302B', 'provider0008');
INSERT INTO appointments VALUES ('154', to_timestamp(1550952201907/1000), '301A', 'provider00059');
INSERT INTO appointments VALUES ('155', to_timestamp(1550952201907/1000), 'OT2', 'provider0000');
INSERT INTO appointments VALUES ('156', to_timestamp(1550952201907/1000), 'OPD1', 'provider00077');
INSERT INTO appointments VALUES ('157', to_timestamp(1550952201907/1000), '301A', 'provider0004');
INSERT INTO appointments VALUES ('158', to_timestamp(1550952201907/1000), 'OT1', 'provider00011');
INSERT INTO appointments VALUES ('159', to_timestamp(1550952201907/1000), '202', 'provider00067');
INSERT INTO appointments VALUES ('160', to_timestamp(1550952201907/1000), 'OT1', 'provider00079');
INSERT INTO appointments VALUES ('161', to_timestamp(1550952201907/1000), '102', 'provider00092');
INSERT INTO appointments VALUES ('162', to_timestamp(1550952201907/1000), '302B', 'provider00083');
INSERT INTO appointments VALUES ('163', to_timestamp(1550952201907/1000), 'OT2', 'provider00073');
INSERT INTO appointments VALUES ('164', to_timestamp(1550952201907/1000), '301A', 'provider00041');
INSERT INTO appointments VALUES ('165', to_timestamp(1550952201907/1000), '101', 'provider00039');
INSERT INTO appointments VALUES ('166', to_timestamp(1550952201907/1000), '101', 'provider00062');
INSERT INTO appointments VALUES ('167', to_timestamp(1550952201907/1000), '301A', 'provider00025');
INSERT INTO appointments VALUES ('168', to_timestamp(1550952201907/1000), '301A', 'provider00012');
INSERT INTO appointments VALUES ('169', to_timestamp(1550952201907/1000), '302B', 'provider00070');
INSERT INTO appointments VALUES ('170', to_timestamp(1550952201908/1000), '101', 'provider00034');
INSERT INTO appointments VALUES ('171', to_timestamp(1550952201908/1000), 'OPD1', 'provider00013');
INSERT INTO appointments VALUES ('172', to_timestamp(1550952201908/1000), '103B', 'provider00015');
INSERT INTO appointments VALUES ('173', to_timestamp(1550952201908/1000), '301A', 'provider00018');
INSERT INTO appointments VALUES ('174', to_timestamp(1550952201908/1000), '101', 'provider0006');
INSERT INTO appointments VALUES ('175', to_timestamp(1550952201908/1000), '101', 'provider00065');
INSERT INTO appointments VALUES ('176', to_timestamp(1550952201908/1000), '203', 'provider00052');
INSERT INTO appointments VALUES ('177', to_timestamp(1550952201908/1000), '103B', 'provider00051');
INSERT INTO appointments VALUES ('178', to_timestamp(1550952201908/1000), '103A', 'provider0005');
INSERT INTO appointments VALUES ('179', to_timestamp(1550952201908/1000), 'OT2', 'provider0009');
INSERT INTO appointments VALUES ('180', to_timestamp(1550952201908/1000), '103A', 'provider00043');
INSERT INTO appointments VALUES ('181', to_timestamp(1550952201908/1000), '202', 'provider00047');
INSERT INTO appointments VALUES ('182', to_timestamp(1550952201908/1000), '102', 'provider00036');
INSERT INTO appointments VALUES ('183', to_timestamp(1550952201908/1000), '203', 'provider00034');
INSERT INTO appointments VALUES ('184', to_timestamp(1550952201908/1000), '301A', 'provider00044');
INSERT INTO appointments VALUES ('185', to_timestamp(1550952201908/1000), 'OPD2', 'provider00046');
INSERT INTO appointments VALUES ('186', to_timestamp(1550952201908/1000), '301A', 'provider00094');
INSERT INTO appointments VALUES ('187', to_timestamp(1550952201908/1000), '202', 'provider00088');
INSERT INTO appointments VALUES ('188', to_timestamp(1550952201908/1000), '202', 'provider00014');
INSERT INTO appointments VALUES ('189', to_timestamp(1550952201908/1000), '203', 'provider00015');
INSERT INTO appointments VALUES ('190', to_timestamp(1550952201908/1000), '101', 'provider00044');
INSERT INTO appointments VALUES ('191', to_timestamp(1550952201908/1000), '301A', 'provider00035');
INSERT INTO appointments VALUES ('192', to_timestamp(1550952201908/1000), '103A', 'provider00072');
INSERT INTO appointments VALUES ('193', to_timestamp(1550952201908/1000), 'OT1', 'provider00017');
INSERT INTO appointments VALUES ('194', to_timestamp(1550952201908/1000), 'OPD1', 'provider0004');
INSERT INTO appointments VALUES ('195', to_timestamp(1550952201908/1000), '302B', 'provider00015');
INSERT INTO appointments VALUES ('196', to_timestamp(1550952201908/1000), '203', 'provider00017');
INSERT INTO appointments VALUES ('197', to_timestamp(1550952201908/1000), '103B', 'provider0000');
INSERT INTO appointments VALUES ('198', to_timestamp(1550952201908/1000), '102', 'provider00091');
INSERT INTO appointments VALUES ('199', to_timestamp(1550952201908/1000), '202', 'provider00013');
INSERT INTO appointments VALUES ('200', to_timestamp(1550952201908/1000), '103A', 'provider00083');
INSERT INTO appointments VALUES ('201', to_timestamp(1550952201908/1000), '203', 'provider00019');
INSERT INTO appointments VALUES ('202', to_timestamp(1550952201908/1000), '102', 'provider00020');
INSERT INTO appointments VALUES ('203', to_timestamp(1550952201908/1000), '102', 'provider0002');
INSERT INTO appointments VALUES ('204', to_timestamp(1550952201908/1000), 'OPD2', 'provider00085');
INSERT INTO appointments VALUES ('205', to_timestamp(1550952201908/1000), 'OT2', 'provider00052');
INSERT INTO appointments VALUES ('206', to_timestamp(1550952201908/1000), '301A', 'provider00037');
INSERT INTO appointments VALUES ('207', to_timestamp(1550952201908/1000), '302B', 'provider00029');
INSERT INTO appointments VALUES ('208', to_timestamp(1550952201908/1000), 'OT1', 'provider0001');
INSERT INTO appointments VALUES ('209', to_timestamp(1550952201908/1000), '302B', 'provider00083');
INSERT INTO appointments VALUES ('210', to_timestamp(1550952201908/1000), 'OPD2', 'provider00042');
INSERT INTO appointments VALUES ('211', to_timestamp(1550952201908/1000), 'OT2', 'provider00065');
INSERT INTO appointments VALUES ('212', to_timestamp(1550952201908/1000), '103B', 'provider00063');
INSERT INTO appointments VALUES ('213', to_timestamp(1550952201908/1000), 'OPD1', 'provider00022');
INSERT INTO appointments VALUES ('214', to_timestamp(1550952201908/1000), '203', 'provider00076');
INSERT INTO appointments VALUES ('215', to_timestamp(1550952201908/1000), 'OPD1', 'provider00090');
INSERT INTO appointments VALUES ('216', to_timestamp(1550952201908/1000), 'OT2', 'provider00027');
INSERT INTO appointments VALUES ('217', to_timestamp(1550952201908/1000), 'OT1', 'provider00080');
INSERT INTO appointments VALUES ('218', to_timestamp(1550952201909/1000), '102', 'provider00032');
INSERT INTO appointments VALUES ('219', to_timestamp(1550952201909/1000), 'OPD1', 'provider00078');
INSERT INTO appointments VALUES ('220', to_timestamp(1550952201909/1000), '203', 'provider00092');
INSERT INTO appointments VALUES ('221', to_timestamp(1550952201909/1000), 'OT2', 'provider0008');
INSERT INTO appointments VALUES ('222', to_timestamp(1550952201909/1000), 'OPD2', 'provider00092');
INSERT INTO appointments VALUES ('223', to_timestamp(1550952201909/1000), '202', 'provider00087');
INSERT INTO appointments VALUES ('224', to_timestamp(1550952201909/1000), '101', 'provider00042');
INSERT INTO appointments VALUES ('225', to_timestamp(1550952201909/1000), '203', 'provider00065');
INSERT INTO appointments VALUES ('226', to_timestamp(1550952201909/1000), 'OPD1', 'provider00024');
INSERT INTO appointments VALUES ('227', to_timestamp(1550952201909/1000), '301A', 'provider00071');
INSERT INTO appointments VALUES ('228', to_timestamp(1550952201909/1000), 'OPD1', 'provider00041');
INSERT INTO appointments VALUES ('229', to_timestamp(1550952201909/1000), 'OPD2', 'provider0009');
INSERT INTO appointments VALUES ('230', to_timestamp(1550952201909/1000), '102', 'provider00066');
INSERT INTO appointments VALUES ('231', to_timestamp(1550952201909/1000), '103A', 'provider00048');
INSERT INTO appointments VALUES ('232', to_timestamp(1550952201909/1000), 'OT2', 'provider00025');
INSERT INTO appointments VALUES ('233', to_timestamp(1550952201909/1000), 'OPD2', 'provider00019');
INSERT INTO appointments VALUES ('234', to_timestamp(1550952201909/1000), 'OPD2', 'provider00037');
INSERT INTO appointments VALUES ('235', to_timestamp(1550952201909/1000), '203', 'provider00022');
INSERT INTO appointments VALUES ('236', to_timestamp(1550952201909/1000), 'OPD2', 'provider00018');
INSERT INTO appointments VALUES ('237', to_timestamp(1550952201909/1000), 'OPD2', 'provider00069');
INSERT INTO appointments VALUES ('238', to_timestamp(1550952201909/1000), '302B', 'provider00098');
INSERT INTO appointments VALUES ('239', to_timestamp(1550952201909/1000), 'OT2', 'provider00041');
INSERT INTO appointments VALUES ('240', to_timestamp(1550952201909/1000), '203', 'provider00069');
INSERT INTO appointments VALUES ('241', to_timestamp(1550952201909/1000), '301A', 'provider00043');
INSERT INTO appointments VALUES ('242', to_timestamp(1550952201909/1000), '302B', 'provider00011');
INSERT INTO appointments VALUES ('243', to_timestamp(1550952201909/1000), 'OT1', 'provider00094');
INSERT INTO appointments VALUES ('244', to_timestamp(1550952201909/1000), '202', 'provider00067');
INSERT INTO appointments VALUES ('245', to_timestamp(1550952201909/1000), '301A', 'provider00054');
INSERT INTO appointments VALUES ('246', to_timestamp(1550952201910/1000), 'OPD2', 'provider00099');
INSERT INTO appointments VALUES ('247', to_timestamp(1550952201910/1000), '202', 'provider00059');
INSERT INTO appointments VALUES ('248', to_timestamp(1550952201910/1000), '202', 'provider00048');
INSERT INTO appointments VALUES ('249', to_timestamp(1550952201910/1000), 'OPD2', 'provider00082');
INSERT INTO appointments VALUES ('250', to_timestamp(1550952201910/1000), 'OT1', 'provider00061');
INSERT INTO appointments VALUES ('251', to_timestamp(1550952201910/1000), '203', 'provider00078');
INSERT INTO appointments VALUES ('252', to_timestamp(1550952201910/1000), 'OT2', 'provider00022');
INSERT INTO appointments VALUES ('253', to_timestamp(1550952201910/1000), '103A', 'provider00047');
INSERT INTO appointments VALUES ('254', to_timestamp(1550952201910/1000), 'OT1', 'provider00028');
INSERT INTO appointments VALUES ('255', to_timestamp(1550952201910/1000), 'OT1', 'provider00095');
INSERT INTO appointments VALUES ('256', to_timestamp(1550952201910/1000), '302B', 'provider00033');
INSERT INTO appointments VALUES ('257', to_timestamp(1550952201910/1000), '103A', 'provider0008');
INSERT INTO appointments VALUES ('258', to_timestamp(1550952201910/1000), 'OPD1', 'provider00086');
INSERT INTO appointments VALUES ('259', to_timestamp(1550952201910/1000), '103A', 'provider00073');
INSERT INTO appointments VALUES ('260', to_timestamp(1550952201910/1000), 'OPD1', 'provider00075');
INSERT INTO appointments VALUES ('261', to_timestamp(1550952201910/1000), '202', 'provider00084');
INSERT INTO appointments VALUES ('262', to_timestamp(1550952201910/1000), '203', 'provider00037');
INSERT INTO appointments VALUES ('263', to_timestamp(1550952201910/1000), 'OPD1', 'provider00067');
INSERT INTO appointments VALUES ('264', to_timestamp(1550952201910/1000), '103A', 'provider00041');
INSERT INTO appointments VALUES ('265', to_timestamp(1550952201910/1000), 'OT1', 'provider00070');
INSERT INTO appointments VALUES ('266', to_timestamp(1550952201910/1000), '102', 'provider00071');
INSERT INTO appointments VALUES ('267', to_timestamp(1550952201910/1000), '103A', 'provider00082');
INSERT INTO appointments VALUES ('268', to_timestamp(1550952201910/1000), '301A', 'provider00077');
INSERT INTO appointments VALUES ('269', to_timestamp(1550952201911/1000), 'OT1', 'provider00012');
INSERT INTO appointments VALUES ('270', to_timestamp(1550952201911/1000), '302B', 'provider00050');
INSERT INTO appointments VALUES ('271', to_timestamp(1550952201911/1000), 'OT2', 'provider00098');
INSERT INTO appointments VALUES ('272', to_timestamp(1550952201911/1000), '202', 'provider00023');
INSERT INTO appointments VALUES ('273', to_timestamp(1550952201911/1000), 'OT1', 'provider00063');
INSERT INTO appointments VALUES ('274', to_timestamp(1550952201911/1000), '101', 'provider00068');
INSERT INTO appointments VALUES ('275', to_timestamp(1550952201911/1000), 'OT1', 'provider00032');
INSERT INTO appointments VALUES ('276', to_timestamp(1550952201911/1000), 'OT2', 'provider00069');
INSERT INTO appointments VALUES ('277', to_timestamp(1550952201911/1000), 'OT1', 'provider00094');
INSERT INTO appointments VALUES ('278', to_timestamp(1550952201911/1000), '101', 'provider00061');
INSERT INTO appointments VALUES ('279', to_timestamp(1550952201911/1000), '101', 'provider00030');
INSERT INTO appointments VALUES ('280', to_timestamp(1550952201911/1000), '302B', 'provider00097');
INSERT INTO appointments VALUES ('281', to_timestamp(1550952201911/1000), '203', 'provider00071');
INSERT INTO appointments VALUES ('282', to_timestamp(1550952201911/1000), '302B', 'provider00061');
INSERT INTO appointments VALUES ('283', to_timestamp(1550952201911/1000), '301A', 'provider00092');
INSERT INTO appointments VALUES ('284', to_timestamp(1550952201911/1000), '301A', 'provider00090');
INSERT INTO appointments VALUES ('285', to_timestamp(1550952201911/1000), '202', 'provider00026');
INSERT INTO appointments VALUES ('286', to_timestamp(1550952201911/1000), 'OPD2', 'provider00083');
INSERT INTO appointments VALUES ('287', to_timestamp(1550952201911/1000), '202', 'provider00022');
INSERT INTO appointments VALUES ('288', to_timestamp(1550952201911/1000), 'OT2', 'provider00088');
INSERT INTO appointments VALUES ('289', to_timestamp(1550952201911/1000), '102', 'provider00025');
INSERT INTO appointments VALUES ('290', to_timestamp(1550952201911/1000), '103B', 'provider00079');
INSERT INTO appointments VALUES ('291', to_timestamp(1550952201911/1000), 'OT1', 'provider00086');
INSERT INTO appointments VALUES ('292', to_timestamp(1550952201911/1000), '301A', 'provider00046');
INSERT INTO appointments VALUES ('293', to_timestamp(1550952201911/1000), 'OPD2', 'provider00096');
INSERT INTO appointments VALUES ('294', to_timestamp(1550952201911/1000), 'OT2', 'provider00074');
INSERT INTO appointments VALUES ('295', to_timestamp(1550952201911/1000), 'OT1', 'provider00064');
INSERT INTO appointments VALUES ('296', to_timestamp(1550952201911/1000), 'OPD2', 'provider00097');
INSERT INTO appointments VALUES ('297', to_timestamp(1550952201911/1000), '301A', 'provider00077');
INSERT INTO appointments VALUES ('298', to_timestamp(1550952201911/1000), '302B', 'provider00085');
INSERT INTO appointments VALUES ('299', to_timestamp(1550952201911/1000), '302B', 'provider00083');
INSERT INTO appointments VALUES ('300', to_timestamp(1550952201911/1000), 'OPD1', 'provider00095');
INSERT INTO appointments VALUES ('301', to_timestamp(1550952201911/1000), 'OPD2', 'provider0000');
INSERT INTO appointments VALUES ('302', to_timestamp(1550952201911/1000), 'OT1', 'provider0007');
INSERT INTO appointments VALUES ('303', to_timestamp(1550952201911/1000), 'OT2', 'provider00011');
INSERT INTO appointments VALUES ('304', to_timestamp(1550952201911/1000), 'OPD2', 'provider00056');
INSERT INTO appointments VALUES ('305', to_timestamp(1550952201911/1000), 'OPD1', 'provider00029');
INSERT INTO appointments VALUES ('306', to_timestamp(1550952201911/1000), '102', 'provider00092');
INSERT INTO appointments VALUES ('307', to_timestamp(1550952201911/1000), '103A', 'provider00097');
INSERT INTO appointments VALUES ('308', to_timestamp(1550952201911/1000), '202', 'provider00078');
INSERT INTO appointments VALUES ('309', to_timestamp(1550952201911/1000), '102', 'provider00074');
INSERT INTO appointments VALUES ('310', to_timestamp(1550952201911/1000), '301A', 'provider00088');
INSERT INTO appointments VALUES ('311', to_timestamp(1550952201911/1000), 'OPD1', 'provider00064');
INSERT INTO appointments VALUES ('312', to_timestamp(1550952201911/1000), 'OT2', 'provider00049');
INSERT INTO appointments VALUES ('313', to_timestamp(1550952201911/1000), 'OPD1', 'provider00026');
INSERT INTO appointments VALUES ('314', to_timestamp(1550952201911/1000), '202', 'provider00047');
INSERT INTO appointments VALUES ('315', to_timestamp(1550952201911/1000), '301A', 'provider00073');
INSERT INTO appointments VALUES ('316', to_timestamp(1550952201911/1000), '301A', 'provider00018');
INSERT INTO appointments VALUES ('317', to_timestamp(1550952201911/1000), 'OPD1', 'provider00083');
INSERT INTO appointments VALUES ('318', to_timestamp(1550952201911/1000), '101', 'provider00063');
INSERT INTO appointments VALUES ('319', to_timestamp(1550952201911/1000), '301A', 'provider00050');
INSERT INTO appointments VALUES ('320', to_timestamp(1550952201911/1000), '203', 'provider00054');
INSERT INTO appointments VALUES ('321', to_timestamp(1550952201911/1000), 'OT2', 'provider00078');
INSERT INTO appointments VALUES ('322', to_timestamp(1550952201911/1000), '102', 'provider00046');
INSERT INTO appointments VALUES ('323', to_timestamp(1550952201911/1000), '301A', 'provider00083');
INSERT INTO appointments VALUES ('324', to_timestamp(1550952201911/1000), '203', 'provider00051');
INSERT INTO appointments VALUES ('325', to_timestamp(1550952201912/1000), 'OPD2', 'provider00061');
INSERT INTO appointments VALUES ('326', to_timestamp(1550952201912/1000), '203', 'provider00071');
INSERT INTO appointments VALUES ('327', to_timestamp(1550952201912/1000), 'OPD1', 'provider00082');
INSERT INTO appointments VALUES ('328', to_timestamp(1550952201912/1000), '103A', 'provider00067');
INSERT INTO appointments VALUES ('329', to_timestamp(1550952201912/1000), 'OPD1', 'provider00029');
INSERT INTO appointments VALUES ('330', to_timestamp(1550952201912/1000), 'OPD2', 'provider00058');
INSERT INTO appointments VALUES ('331', to_timestamp(1550952201912/1000), '202', 'provider00084');
INSERT INTO appointments VALUES ('332', to_timestamp(1550952201912/1000), 'OT2', 'provider00045');
INSERT INTO appointments VALUES ('333', to_timestamp(1550952201912/1000), '301A', 'provider00083');
INSERT INTO appointments VALUES ('334', to_timestamp(1550952201912/1000), 'OPD1', 'provider00042');
INSERT INTO appointments VALUES ('335', to_timestamp(1550952201912/1000), 'OT2', 'provider00087');
INSERT INTO appointments VALUES ('336', to_timestamp(1550952201912/1000), 'OT2', 'provider00097');
INSERT INTO appointments VALUES ('337', to_timestamp(1550952201912/1000), '203', 'provider0002');
INSERT INTO appointments VALUES ('338', to_timestamp(1550952201912/1000), '202', 'provider00090');
INSERT INTO appointments VALUES ('339', to_timestamp(1550952201912/1000), 'OT1', 'provider00011');
INSERT INTO appointments VALUES ('340', to_timestamp(1550952201912/1000), '203', 'provider00055');
INSERT INTO appointments VALUES ('341', to_timestamp(1550952201912/1000), '102', 'provider00091');
INSERT INTO appointments VALUES ('342', to_timestamp(1550952201912/1000), 'OT2', 'provider00012');
INSERT INTO appointments VALUES ('343', to_timestamp(1550952201912/1000), 'OPD2', 'provider00027');
INSERT INTO appointments VALUES ('344', to_timestamp(1550952201912/1000), '202', 'provider00037');
INSERT INTO appointments VALUES ('345', to_timestamp(1550952201912/1000), '203', 'provider00036');
INSERT INTO appointments VALUES ('346', to_timestamp(1550952201912/1000), 'OT2', 'provider00088');
INSERT INTO appointments VALUES ('347', to_timestamp(1550952201912/1000), '302B', 'provider00093');
INSERT INTO appointments VALUES ('348', to_timestamp(1550952201912/1000), '202', 'provider00017');
INSERT INTO appointments VALUES ('349', to_timestamp(1550952201912/1000), 'OT1', 'provider00061');
INSERT INTO appointments VALUES ('350', to_timestamp(1550952201912/1000), 'OT1', 'provider0006');
INSERT INTO appointments VALUES ('351', to_timestamp(1550952201912/1000), '202', 'provider00074');
INSERT INTO appointments VALUES ('352', to_timestamp(1550952201912/1000), '302B', 'provider00029');
INSERT INTO appointments VALUES ('353', to_timestamp(1550952201912/1000), '301A', 'provider0007');
INSERT INTO appointments VALUES ('354', to_timestamp(1550952201912/1000), '103A', 'provider00095');
INSERT INTO appointments VALUES ('355', to_timestamp(1550952201912/1000), '301A', 'provider00090');
INSERT INTO appointments VALUES ('356', to_timestamp(1550952201912/1000), '202', 'provider00056');
INSERT INTO appointments VALUES ('357', to_timestamp(1550952201912/1000), '301A', 'provider00047');
INSERT INTO appointments VALUES ('358', to_timestamp(1550952201912/1000), '102', 'provider00054');
INSERT INTO appointments VALUES ('359', to_timestamp(1550952201912/1000), '103A', 'provider00038');
INSERT INTO appointments VALUES ('360', to_timestamp(1550952201912/1000), 'OT2', 'provider00083');
INSERT INTO appointments VALUES ('361', to_timestamp(1550952201912/1000), '101', 'provider00057');
INSERT INTO appointments VALUES ('362', to_timestamp(1550952201912/1000), '103A', 'provider00046');
INSERT INTO appointments VALUES ('363', to_timestamp(1550952201912/1000), '203', 'provider00037');
INSERT INTO appointments VALUES ('364', to_timestamp(1550952201912/1000), '302B', 'provider00060');
INSERT INTO appointments VALUES ('365', to_timestamp(1550952201912/1000), 'OPD2', 'provider00077');
INSERT INTO appointments VALUES ('366', to_timestamp(1550952201912/1000), 'OT1', 'provider00056');
INSERT INTO appointments VALUES ('367', to_timestamp(1550952201912/1000), '101', 'provider00035');
INSERT INTO appointments VALUES ('368', to_timestamp(1550952201912/1000), '103A', 'provider0003');
INSERT INTO appointments VALUES ('369', to_timestamp(1550952201912/1000), '101', 'provider00068');
INSERT INTO appointments VALUES ('370', to_timestamp(1550952201912/1000), 'OT2', 'provider00080');
INSERT INTO appointments VALUES ('371', to_timestamp(1550952201913/1000), 'OT1', 'provider00010');
INSERT INTO appointments VALUES ('372', to_timestamp(1550952201913/1000), '103B', 'provider00042');
INSERT INTO appointments VALUES ('373', to_timestamp(1550952201913/1000), '101', 'provider00088');
INSERT INTO appointments VALUES ('374', to_timestamp(1550952201913/1000), '103B', 'provider00025');
INSERT INTO appointments VALUES ('375', to_timestamp(1550952201913/1000), '203', 'provider00074');
INSERT INTO appointments VALUES ('376', to_timestamp(1550952201913/1000), '103B', 'provider00081');
INSERT INTO appointments VALUES ('377', to_timestamp(1550952201913/1000), 'OPD2', 'provider00040');
INSERT INTO appointments VALUES ('378', to_timestamp(1550952201913/1000), '203', 'provider00024');
INSERT INTO appointments VALUES ('379', to_timestamp(1550952201913/1000), 'OPD2', 'provider00019');
INSERT INTO appointments VALUES ('380', to_timestamp(1550952201913/1000), '103B', 'provider00058');
INSERT INTO appointments VALUES ('381', to_timestamp(1550952201913/1000), 'OT2', 'provider00092');
INSERT INTO appointments VALUES ('382', to_timestamp(1550952201913/1000), 'OT2', 'provider00068');
INSERT INTO appointments VALUES ('383', to_timestamp(1550952201913/1000), '103A', 'provider00054');
INSERT INTO appointments VALUES ('384', to_timestamp(1550952201913/1000), 'OT2', 'provider00040');
INSERT INTO appointments VALUES ('385', to_timestamp(1550952201913/1000), 'OPD1', 'provider00088');
INSERT INTO appointments VALUES ('386', to_timestamp(1550952201913/1000), '103A', 'provider00027');
INSERT INTO appointments VALUES ('387', to_timestamp(1550952201913/1000), '103A', 'provider00065');
INSERT INTO appointments VALUES ('388', to_timestamp(1550952201913/1000), '203', 'provider00026');
INSERT INTO appointments VALUES ('389', to_timestamp(1550952201913/1000), '301A', 'provider00095');
INSERT INTO appointments VALUES ('390', to_timestamp(1550952201913/1000), '102', 'provider00067');
INSERT INTO appointments VALUES ('391', to_timestamp(1550952201913/1000), 'OPD2', 'provider00015');
INSERT INTO appointments VALUES ('392', to_timestamp(1550952201913/1000), 'OT1', 'provider00076');
INSERT INTO appointments VALUES ('393', to_timestamp(1550952201913/1000), '302B', 'provider0009');
INSERT INTO appointments VALUES ('394', to_timestamp(1550952201913/1000), '103A', 'provider00035');
INSERT INTO appointments VALUES ('395', to_timestamp(1550952201913/1000), '301A', 'provider00020');
INSERT INTO appointments VALUES ('396', to_timestamp(1550952201913/1000), 'OPD1', 'provider00033');
INSERT INTO appointments VALUES ('397', to_timestamp(1550952201913/1000), '103A', 'provider00042');
INSERT INTO appointments VALUES ('398', to_timestamp(1550952201913/1000), 'OT1', 'provider00048');
INSERT INTO appointments VALUES ('399', to_timestamp(1550952201913/1000), '202', 'provider00014');
INSERT INTO appointments VALUES ('400', to_timestamp(1550952201913/1000), 'OT1', 'provider00034');
INSERT INTO appointments VALUES ('401', to_timestamp(1550952201913/1000), 'OPD1', 'provider00049');
INSERT INTO appointments VALUES ('402', to_timestamp(1550952201913/1000), '101', 'provider00046');
INSERT INTO appointments VALUES ('403', to_timestamp(1550952201913/1000), 'OT1', 'provider00066');
INSERT INTO appointments VALUES ('404', to_timestamp(1550952201913/1000), '103B', 'provider00071');
INSERT INTO appointments VALUES ('405', to_timestamp(1550952201913/1000), '203', 'provider00039');
INSERT INTO appointments VALUES ('406', to_timestamp(1550952201913/1000), '103B', 'provider00092');
INSERT INTO appointments VALUES ('407', to_timestamp(1550952201913/1000), '203', 'provider0000');
INSERT INTO appointments VALUES ('408', to_timestamp(1550952201913/1000), 'OT1', 'provider00059');
INSERT INTO appointments VALUES ('409', to_timestamp(1550952201913/1000), '301A', 'provider00077');
INSERT INTO appointments VALUES ('410', to_timestamp(1550952201913/1000), 'OT2', 'provider0000');
INSERT INTO appointments VALUES ('411', to_timestamp(1550952201913/1000), 'OT1', 'provider00078');
INSERT INTO appointments VALUES ('412', to_timestamp(1550952201913/1000), '301A', 'provider00072');
INSERT INTO appointments VALUES ('413', to_timestamp(1550952201913/1000), '203', 'provider00015');
INSERT INTO appointments VALUES ('414', to_timestamp(1550952201913/1000), '302B', 'provider00063');
INSERT INTO appointments VALUES ('415', to_timestamp(1550952201913/1000), '203', 'provider00012');
INSERT INTO appointments VALUES ('416', to_timestamp(1550952201913/1000), '302B', 'provider00016');
INSERT INTO appointments VALUES ('417', to_timestamp(1550952201913/1000), 'OPD1', 'provider00053');
INSERT INTO appointments VALUES ('418', to_timestamp(1550952201913/1000), '102', 'provider00072');
INSERT INTO appointments VALUES ('419', to_timestamp(1550952201913/1000), 'OT1', 'provider00097');
INSERT INTO appointments VALUES ('420', to_timestamp(1550952201913/1000), 'OT2', 'provider00098');
INSERT INTO appointments VALUES ('421', to_timestamp(1550952201913/1000), 'OPD1', 'provider00039');
INSERT INTO appointments VALUES ('422', to_timestamp(1550952201913/1000), '202', 'provider0000');
INSERT INTO appointments VALUES ('423', to_timestamp(1550952201913/1000), '103B', 'provider00028');
INSERT INTO appointments VALUES ('424', to_timestamp(1550952201913/1000), '301A', 'provider0002');
INSERT INTO appointments VALUES ('425', to_timestamp(1550952201913/1000), '302B', 'provider00016');
INSERT INTO appointments VALUES ('426', to_timestamp(1550952201913/1000), '203', 'provider00046');
INSERT INTO appointments VALUES ('427', to_timestamp(1550952201913/1000), 'OPD1', 'provider00013');
INSERT INTO appointments VALUES ('428', to_timestamp(1550952201913/1000), '103A', 'provider00038');
INSERT INTO appointments VALUES ('429', to_timestamp(1550952201913/1000), 'OT1', 'provider00068');
INSERT INTO appointments VALUES ('430', to_timestamp(1550952201913/1000), '103A', 'provider00014');
INSERT INTO appointments VALUES ('431', to_timestamp(1550952201913/1000), '203', 'provider00051');
INSERT INTO appointments VALUES ('432', to_timestamp(1550952201913/1000), '302B', 'provider00082');
INSERT INTO appointments VALUES ('433', to_timestamp(1550952201913/1000), '103B', 'provider00071');
INSERT INTO appointments VALUES ('434', to_timestamp(1550952201913/1000), 'OPD2', 'provider00064');
INSERT INTO appointments VALUES ('435', to_timestamp(1550952201913/1000), '103A', 'provider00033');
INSERT INTO appointments VALUES ('436', to_timestamp(1550952201913/1000), '103B', 'provider00015');
INSERT INTO appointments VALUES ('437', to_timestamp(1550952201913/1000), '202', 'provider00067');
INSERT INTO appointments VALUES ('438', to_timestamp(1550952201913/1000), '102', 'provider0000');
INSERT INTO appointments VALUES ('439', to_timestamp(1550952201913/1000), '301A', 'provider00085');
INSERT INTO appointments VALUES ('440', to_timestamp(1550952201913/1000), '103B', 'provider00030');
INSERT INTO appointments VALUES ('441', to_timestamp(1550952201913/1000), 'OPD2', 'provider00061');
INSERT INTO appointments VALUES ('442', to_timestamp(1550952201913/1000), 'OT2', 'provider00045');
INSERT INTO appointments VALUES ('443', to_timestamp(1550952201913/1000), 'OT2', 'provider0001');
INSERT INTO appointments VALUES ('444', to_timestamp(1550952201913/1000), 'OT2', 'provider0005');
INSERT INTO appointments VALUES ('445', to_timestamp(1550952201914/1000), '102', 'provider00070');
INSERT INTO appointments VALUES ('446', to_timestamp(1550952201914/1000), 'OT2', 'provider00045');
INSERT INTO appointments VALUES ('447', to_timestamp(1550952201914/1000), 'OPD1', 'provider00016');
INSERT INTO appointments VALUES ('448', to_timestamp(1550952201914/1000), 'OPD2', 'provider00052');
INSERT INTO appointments VALUES ('449', to_timestamp(1550952201914/1000), 'OT1', 'provider00064');
INSERT INTO appointments VALUES ('450', to_timestamp(1550952201914/1000), '202', 'provider00045');
INSERT INTO appointments VALUES ('451', to_timestamp(1550952201914/1000), 'OT2', 'provider00011');
INSERT INTO appointments VALUES ('452', to_timestamp(1550952201914/1000), 'OT2', 'provider00059');
INSERT INTO appointments VALUES ('453', to_timestamp(1550952201914/1000), 'OPD1', 'provider00053');
INSERT INTO appointments VALUES ('454', to_timestamp(1550952201914/1000), 'OT1', 'provider00096');
INSERT INTO appointments VALUES ('455', to_timestamp(1550952201914/1000), 'OT1', 'provider00029');
INSERT INTO appointments VALUES ('456', to_timestamp(1550952201914/1000), '103B', 'provider00028');
INSERT INTO appointments VALUES ('457', to_timestamp(1550952201914/1000), 'OPD2', 'provider00094');
INSERT INTO appointments VALUES ('458', to_timestamp(1550952201914/1000), '103B', 'provider00097');
INSERT INTO appointments VALUES ('459', to_timestamp(1550952201914/1000), '102', 'provider00015');
INSERT INTO appointments VALUES ('460', to_timestamp(1550952201914/1000), 'OT1', 'provider00015');
INSERT INTO appointments VALUES ('461', to_timestamp(1550952201914/1000), '103B', 'provider00020');
INSERT INTO appointments VALUES ('462', to_timestamp(1550952201914/1000), 'OPD2', 'provider00093');
INSERT INTO appointments VALUES ('463', to_timestamp(1550952201914/1000), 'OPD2', 'provider00027');
INSERT INTO appointments VALUES ('464', to_timestamp(1550952201914/1000), '103A', 'provider00067');
INSERT INTO appointments VALUES ('465', to_timestamp(1550952201914/1000), '202', 'provider00026');
INSERT INTO appointments VALUES ('466', to_timestamp(1550952201914/1000), 'OPD2', 'provider00050');
INSERT INTO appointments VALUES ('467', to_timestamp(1550952201914/1000), 'OT2', 'provider00048');
INSERT INTO appointments VALUES ('468', to_timestamp(1550952201914/1000), '102', 'provider00081');
INSERT INTO appointments VALUES ('469', to_timestamp(1550952201914/1000), '102', 'provider00045');
INSERT INTO appointments VALUES ('470', to_timestamp(1550952201914/1000), 'OT2', 'provider00093');
INSERT INTO appointments VALUES ('471', to_timestamp(1550952201914/1000), 'OT2', 'provider00013');
INSERT INTO appointments VALUES ('472', to_timestamp(1550952201914/1000), '101', 'provider00060');
INSERT INTO appointments VALUES ('473', to_timestamp(1550952201914/1000), '103B', 'provider00095');
INSERT INTO appointments VALUES ('474', to_timestamp(1550952201914/1000), '103B', 'provider00095');
INSERT INTO appointments VALUES ('475', to_timestamp(1550952201914/1000), '203', 'provider00075');
INSERT INTO appointments VALUES ('476', to_timestamp(1550952201914/1000), '102', 'provider00081');
INSERT INTO appointments VALUES ('477', to_timestamp(1550952201914/1000), '101', 'provider00028');
INSERT INTO appointments VALUES ('478', to_timestamp(1550952201914/1000), 'OPD2', 'provider00091');
INSERT INTO appointments VALUES ('479', to_timestamp(1550952201914/1000), '103A', 'provider00092');
INSERT INTO appointments VALUES ('480', to_timestamp(1550952201914/1000), '202', 'provider00014');
INSERT INTO appointments VALUES ('481', to_timestamp(1550952201914/1000), '103A', 'provider0008');
INSERT INTO appointments VALUES ('482', to_timestamp(1550952201914/1000), '203', 'provider00029');
INSERT INTO appointments VALUES ('483', to_timestamp(1550952201914/1000), '302B', 'provider0004');
INSERT INTO appointments VALUES ('484', to_timestamp(1550952201914/1000), '103B', 'provider00039');
INSERT INTO appointments VALUES ('485', to_timestamp(1550952201914/1000), '103A', 'provider00036');
INSERT INTO appointments VALUES ('486', to_timestamp(1550952201914/1000), '103B', 'provider00011');
INSERT INTO appointments VALUES ('487', to_timestamp(1550952201914/1000), 'OPD2', 'provider00077');
INSERT INTO appointments VALUES ('488', to_timestamp(1550952201914/1000), '301A', 'provider00098');
INSERT INTO appointments VALUES ('489', to_timestamp(1550952201914/1000), '103A', 'provider00046');
INSERT INTO appointments VALUES ('490', to_timestamp(1550952201914/1000), 'OPD1', 'provider00020');
INSERT INTO appointments VALUES ('491', to_timestamp(1550952201914/1000), '302B', 'provider00079');
INSERT INTO appointments VALUES ('492', to_timestamp(1550952201914/1000), '301A', 'provider00082');
INSERT INTO appointments VALUES ('493', to_timestamp(1550952201914/1000), '103B', 'provider00017');
INSERT INTO appointments VALUES ('494', to_timestamp(1550952201914/1000), '302B', 'provider00028');
INSERT INTO appointments VALUES ('495', to_timestamp(1550952201914/1000), '103A', 'provider00077');
INSERT INTO appointments VALUES ('496', to_timestamp(1550952201914/1000), '102', 'provider00099');
INSERT INTO appointments VALUES ('497', to_timestamp(1550952201914/1000), '103B', 'provider00062');
INSERT INTO appointments VALUES ('498', to_timestamp(1550952201914/1000), '202', 'provider0003');
INSERT INTO appointments VALUES ('499', to_timestamp(1550952201914/1000), '103B', 'provider00037');